sample	chr	startpos	endpos	nMajor	nMinor
13-VT	chr1	754192	145394955	1	0
13-VT	chr1	145402354	174896299	1	1
13-VT	chr1	174921144	177889480	1	0
13-VT	chr1	177902725	180868330	1	1
13-VT	chr1	180888910	185089011	1	0
13-VT	chr1	185110367	187049294	1	1
13-VT	chr1	187054897	190683392	1	0
13-VT	chr1	190695904	191016342	2	0
13-VT	chr1	191022593	193747582	1	0
13-VT	chr1	193774083	249212878	1	1
13-VT	chr2	21494	6674047	1	1
13-VT	chr2	6697088	9810648	1	0
13-VT	chr2	9831360	11200347	1	1
13-VT	chr2	11212039	17170680	1	0
13-VT	chr2	17197349	30770734	1	1
13-VT	chr2	30784540	32414974	0	0
13-VT	chr2	32424019	90245035	1	1
13-VT	chr2	91866487	91866487	2	0
13-VT	chr2	95429197	97425561	2	1
13-VT	chr2	97435557	137990678	1	1
13-VT	chr2	137992474	141770529	1	0
13-VT	chr2	141772022	141956759	2	0
13-VT	chr2	141958235	243052331	1	1
13-VT	chr3	63411	17540134	1	0
13-VT	chr3	17554181	83334025	1	1
13-VT	chr3	83342940	88711759	1	0
13-VT	chr3	88736355	89132282	2	0
13-VT	chr3	89150919	121351338	1	0
13-VT	chr3	121372513	124378520	1	1
13-VT	chr3	124404514	124772082	0	0
13-VT	chr3	124811314	125475955	1	0
13-VT	chr3	125495356	130661315	1	1
13-VT	chr3	130675850	135692561	1	0
13-VT	chr3	135702645	141409701	1	1
13-VT	chr3	141426135	158713144	1	0
13-VT	chr3	158719138	184770380	1	1
13-VT	chr3	184789142	185357531	0	0
13-VT	chr3	185379085	197852564	1	1
13-VT	chr4	69404	190915650	1	1
13-VT	chr5	38139	180698312	1	1
13-VT	chr6	204909	170913051	1	1
13-VT	chr7	41421	159118443	1	1
13-VT	chr8	172417	145019616	1	1
13-VT	chr8	145021283	146292734	2	1
13-VT	chr9	204738	39184065	1	1
13-VT	chr9	44098813	68170421	2	0
13-VT	chr9	70984372	141054761	1	1
13-VT	chr10	126070	135434303	1	1
13-VT	chr11	192764	134938847	1	1
13-VT	chr12	189400	133818115	1	1
13-VT	chr13	19084823	115103150	1	1
13-VT	chr14	20219083	107282024	1	1
13-VT	chr15	20161372	102397317	1	0
13-VT	chr16	83887	90158005	1	1
13-VT	chr17	400959	80263427	1	1
13-VT	chr18	12842	78007784	1	0
13-VT	chr19	247232	59093239	1	1
13-VT	chr20	69094	62912463	1	1
13-VT	chr21	9648315	48097610	1	1
13-VT	chr22	16054713	47021226	1	0
13-VT	chr22	47035614	47881317	2	1
13-VT	chr22	47899845	51213826	1	0
