"ProbeSetName"	"Chromosome"	"Position"	"Log2Ratio"	"WeightedLog2Ratio"	"SmoothSignal"	"NormalDiploid"	"AllelicDifference"	"BAF"
"S-tag000001"	7	111048579	-0.252316	0.028955	2.215862	0	1.077395	0
"S-tag000002"	24	132363050	0.31273	0.300233	2.397405	0	1.174649	0
"S-tag000003"	12	26556111	0.81069	0.786674	3.362716	0	-0.65055	0.681872
"S-tag000005"	11	97346172	0.227551	0.211564	2.107037	0	1.114652	0
"S-tag000007"	7	150683344	-0.056359	0.023275	2.194445	0	-0.915055	0.996085
"S-tag000009"	18	46002758	-0.502197	-0.125026	1.888026	0	0.205175	0.666653
"S-tag000016"	10	104353108	-0.227673	-0.014374	2.022147	1	0.925625	0.01076
"S-tag000017"	6	24809771	0.391839	0.516344	2.573208	0	-0.232259	0.558956
"S-tag000020"	4	174580215	0.260404	0.278888	1.93386	0	NA	0.466088
"S-tag000026"	3	114353990	-0.11228	-0.189804	1.809386	0	-0.785572	0.997159
"S-tag000029"	1	72025716	0.132019	-0.031115	2.144106	0	0.056068	0.443033
"S-tag000031"	11	84291404	0.250892	-0.009248	2.177574	0	-0.10635	0.556818
"S-tag000034"	17	75071134	0.439566	0.546418	2.434397	0	1.343306	0.009136
"S-tag000035"	7	32634796	0.349904	0.492839	2.84079	0	-1.429471	1
"S-tag000036"	6	69796984	0.129077	0.39796	2.831819	0	-0.267299	0.604562
"S-tag000039"	4	40187537	-0.491812	-0.308002	2.270418	0	0.21002	0.401357
"S-tag000041"	8	141020809	0.320125	0.276533	2.550001	0	-1.147933	1
"S-tag000042"	3	58329262	-0.427436	-0.236041	2.014161	1	0.825191	0.024341
"S-tag000043"	2	208641944	0.490152	0.110459	1.92635	1	0.04599	0.48489
"S-tag000044"	1	39107997	0.716147	0.448463	2.192768	0	1.205048	0.017627
"S-tag000045"	21	16511398	0.362524	0.470978	3.0922	0	-0.981152	0.78419
"S-tag000048"	17	17654319	0.261896	0.213389	2.593916	0	1.325782	0.014225
"S-tag000049"	12	126017498	0.008351	0.085812	2.118805	0	-1.333131	0.991763
"S-tag000050"	11	67323724	0.501531	0.452869	2.29999	0	-1.301814	0.987472
"S-tag000054"	4	113150559	0.026119	-0.015736	1.952171	0	-0.117952	0.475847
"S-tag000056"	12	74302874	0.088583	0.098641	2.14511	1	-1.241662	1
"S-tag000057"	1	28772757	0.12706	-0.001845	2.081829	0	-1.149092	1
"S-tag000058"	8	32011749	-0.636061	-0.556568	1.385787	0	0.789842	0
"S-tag000059"	2	40699189	0.42971	0.179698	2.018261	1	0.001063	0.51293
"S-tag000061"	15	97340663	0.310909	0.505843	2.018561	1	1.020588	0
"S-tag000062"	7	41765719	0.58096	0.66936	2.886909	0	1.430583	0.003415
"S-tag000064"	3	74911648	-1.084886	-0.5362	1.983505	1	-0.267608	0.964992
"S-tag000066"	1	105180089	-0.280389	-0.123838	2.122911	0	-0.640532	0.984639
"S-tag000076"	13	66354629	0.650027	0.295384	2.271848	0	-0.235099	0.605879
"S-tag000077"	11	40029625	0.134564	0.055318	2.253677	0	1.13275	0
"S-tag000078"	6	156550680	0.493637	0.337228	2.634151	0	-1.189599	0.990606
"S-tag000079"	19	12042484	-0.422652	-0.458727	1.78802	1	NA	0.979857
"S-tag000080"	12	23657441	0.567415	0.562618	3.213659	0	-1.359456	0.998643
"S-tag000082"	1	46757542	-0.102324	0.012503	2.185747	0	-0.087548	0.501363
"S-tag000086"	1	36363475	0.167557	0.115694	2.202607	0	-0.038111	0.543035
"S-tag000088"	18	59552139	0.29882	0.052493	1.95458	0	NA	0.292803
"S-tag000090"	17	41086719	0.745818	0.610816	2.544114	0	1.432812	0.006058
"S-tag000091"	2	72976948	-0.226404	-0.027349	2.064671	0	0.780563	0.015074
"S-tag000092"	2	138077219	0.042909	-0.027377	1.884644	1	-0.924845	1
"S-tag000093"	3	40921103	-1.161019	-0.653163	1.856483	1	-0.759476	1
"S-tag000094"	9	128319066	-0.563212	-0.294027	1.908452	0	-0.607055	0.997758
"S-tag000098"	7	77256713	0.139397	0.303215	2.205523	0	-0.068802	0.524354
"S-tag000099"	1	160439075	1.159568	1.037142	2.78967	0	-0.645857	0.676449
"S-tag000100"	5	5860075	0.863592	0.745475	3.13481	0	-1.59159	0.974733
"S-tag000102"	13	43324096	-0.002492	-0.160938	1.868452	0	NA	0.018045
"S-tag000106"	6	3697149	0.450979	0.485151	2.777989	0	1.264514	0.009219
"S-tag000107"	8	122524093	0.168567	0.315249	2.370643	0	1.121603	0.000123
"S-tag000110"	5	104380812	-0.074548	0.024752	2.274941	0	-0.912459	1
"S-tag000111"	20	58792610	0.304304	0.422598	2.392101	0	-1.16006	0.965781
"S-tag000113"	1	176660247	-0.015425	0.230394	2.809038	0	0.73589	0
"S-tag000117"	15	51558731	0.405726	0.129388	1.888738	0	0.106407	0.473631
"S-tag000121"	2	83907464	-0.258552	-0.225733	2.023479	1	NA	0
"S-tag000122"	3	34765770	-0.549586	-0.18684	1.971805	1	-0.092817	0.544178
"S-tag000126"	12	101582840	0.217138	0.017121	2.202081	0	0.022913	0.490541
"S-tag000130"	11	118747813	0.184164	0.174509	2.096711	0	1.168056	0.003512
"S-tag000131"	2	70456586	0.022348	-0.056558	2.00798	1	1.267481	0
"S-tag000132"	16	68857191	-0.215655	-0.081209	1.941859	0	-1.013955	0.99479
"S-tag000134"	7	110699652	-0.072892	-0.156642	2.19612	0	-1.0459	1
"S-tag000135"	8	113499693	-0.199533	-0.048746	2.231765	0	-0.994496	1
"S-tag000136"	5	39399110	-0.213508	0.002034	2.3876	0	NA	0.001645
"S-tag000137"	7	151956600	0.154374	0.028663	2.330587	0	1.272048	0
"S-tag000139"	5	117586343	0.5284	0.178528	2.182642	0	0.192665	0.450718
"S-tag000142"	20	30309699	-0.44707	0.33172	2.170364	0	NA	0.010516
"S-tag000143"	3	7190389	-0.675409	-0.387029	2.032662	0	NA	0
"S-tag000146"	12	122110011	0.208099	0.083209	2.070637	0	-1.386382	0.985018
"S-tag000147"	2	104245978	0.734909	-0.237782	1.946059	0	1.21503	0
"S-tag000148"	6	11927250	0.411217	0.36764	2.616918	0	1.214964	0.003804
"S-tag000149"	10	84410045	0.051488	0.132607	2.113073	0	-0.074612	0.525519
"S-tag000150"	4	18920164	-0.304001	-0.15611	1.92008	0	-0.806837	0.996285
"S-tag000151"	14	89279099	0.568986	0.364369	2.556074	0	-1.378897	0.996393
"S-tag000157"	7	131334001	0.177008	0.207184	2.245967	0	-1.064793	0.998696
"S-tag000158"	9	103243982	0.06592	-0.00127	1.9267	1	1.234607	0.002952
"S-tag000159"	11	26115566	0.004098	-0.124864	2.154155	1	1.031275	0
"S-tag000160"	1	204233739	-0.102854	0.346027	3.206437	0	-0.325594	0.627629
"S-tag000163"	17	13799786	0.487981	0.403664	2.643268	0	-1.542123	0.986264
"S-tag000166"	24	125296082	-0.520557	-0.14578	2.306384	0	-0.970777	1
"S-tag000167"	16	23284198	-0.45898	-0.086373	2.165444	0	NA	0.972306
"S-tag000172"	5	20024013	0.403587	0.375167	2.663013	0	-0.473552	0.677584
"S-tag000173"	10	119237988	0.007122	0.044755	2.104375	1	1.344073	0.005014
"S-tag000174"	19	1239072	-0.47048	-0.500777	1.477098	0	-0.657577	0.967826
"S-tag000175"	5	106232251	-0.261756	-0.112363	2.182303	0	1.069198	0
"S-tag000183"	17	37868715	-0.058903	0.101414	2.237186	0	-1.150278	0.996664
"S-tag000185"	4	187063027	-0.133044	0.086685	2.051094	0	0.936815	0.00717
"S-tag000186"	3	69894651	-0.029885	0.047859	1.83205	1	-0.874363	0.9859
"S-tag000187"	6	148999736	0.808395	0.755751	2.707418	0	-0.230494	0.576303
"S-tag000193"	8	1484510	-0.125296	-0.238364	1.516234	0	-0.201793	0.608429
"S-tag000198"	5	96323280	-0.329126	-0.425831	2.158623	0	NA	0.0091
"S-tag000204"	2	229780970	-0.080566	0.126582	1.972485	1	-0.144334	0.5592
"S-tag000205"	6	11074191	0.418232	0.479916	2.688962	0	-1.406589	0.999207
"S-tag000207"	4	27595261	0.148545	0.167455	1.926534	0	0.917454	0
"S-tag000208"	24	137638471	0.094005	-0.128736	2.37278	0	-1.050928	1
"S-tag000209"	9	23626035	-0.005353	-0.007862	2.217208	0	-1.04354	0.998934
"S-tag000212"	16	17576804	0.393158	0.243032	2.218501	0	0.05616	0.491888
"S-tag000215"	6	161792547	0.407985	0.22109	2.765571	0	-1.449678	1
"S-tag000218"	10	67534337	-0.230825	-0.14495	2.079159	0	-0.895819	1
"S-tag000219"	2	133985708	0.355133	0.254196	1.919041	1	-1.126842	1
"S-tag000220"	11	98064954	-0.255603	-0.032985	2.119659	0	-1.016803	1
"S-tag000222"	13	93906247	-0.022778	0.11822	2.250825	0	1.025809	0.007013
"S-tag000224"	24	153287601	0.294779	0.147454	2.457753	0	-1.161254	0.994989
"S-tag000225"	6	14718467	0.236003	0.185296	2.945603	0	1.710091	0
"S-tag000230"	17	70105651	0.605534	0.487303	2.603469	0	-1.019423	0.758304
"S-tag000232"	6	166889160	0.45737	0.43227	2.807041	0	0.239864	0.424131
"S-tag000233"	9	87644233	0.024155	0.054761	1.982962	0	-0.020608	0.515013
"S-tag000234"	1	236178606	0.473959	0.394099	2.700806	0	0.675931	0.269658
"S-tag000235"	11	97725561	0.31966	0.309245	2.123369	0	1.228614	0.030622
"S-tag000236"	3	156950878	-0.354569	0.782725	3.657591	0	NA	0.994877
"S-tag000237"	2	240349649	-0.013892	-0.131957	1.985967	0	-1.043589	0.98484
"S-tag000239"	7	72209704	0.134558	0.174644	2.532275	0	-1.174559	0.993627
"S-tag000241"	19	1265181	-1.024714	-0.717152	1.492229	0	-0.675687	0.991406
"S-tag000243"	10	119145774	-0.568029	-0.422551	2.099577	1	NA	1
"S-tag000245"	15	79306066	0.3196	-0.013834	2.007598	1	-0.062332	0.52231
"S-tag000246"	3	95895179	-0.311692	-0.057109	1.94583	1	0.71803	0
"S-tag000247"	17	54932300	0.534347	0.5568	2.465582	0	0.749186	0.221341
"S-tag000248"	5	103365942	0.225445	0.254117	2.267109	0	-1.174732	0.954814
"S-tag000250"	3	121540609	0.15608	0.339748	1.958937	0	0.891835	0.081291
"S-tag000251"	17	3156328	0.691603	0.544855	2.659724	0	1.49333	0.002164
"S-tag000253"	3	158286839	0.369953	0.557341	3.771106	0	1.716357	0.000376
"S-tag000254"	4	129646870	0.329556	0.233904	2.002287	0	-0.110072	0.568599
"S-tag000256"	7	150732812	-0.161613	-0.062047	2.195603	0	-0.951183	0.993062
"S-tag000257"	5	109920159	0.15005	0.157747	2.205206	0	-1.036607	0.991786
"S-tag000258"	2	18468568	0.020584	0.007551	2.126992	1	1.082634	0
"S-tag000260"	20	24471953	0.422424	0.08718	1.873178	0	-0.012158	0.506299
"S-tag000264"	3	33593338	0.413321	0.135907	1.99346	0	0.134874	0.428003
"S-tag000266"	10	126085115	0.290577	0.309086	2.067645	1	-0.097028	0.526547
"S-tag000267"	2	83614035	0.276664	0.201649	2.002283	1	-0.045409	0.520697
"S-tag000269"	4	55124460	0.162724	0.193942	2.132932	0	-0.279772	0.619307
"S-tag000270"	24	83760241	0.98533	0.619633	2.598594	0	1.242848	NA
"S-tag000273"	24	71958500	0.398956	0.325703	2.493618	0	-1.328419	0.99106
"S-tag000274"	8	68973669	0.670552	0.300029	2.444533	0	0.366939	0.377815
"S-tag000277"	4	188137989	-0.067756	-0.25065	2.098143	0	-0.939499	0.958224
"S-tag000279"	4	76955617	-0.172963	0.034524	1.9809	0	NA	0.42054
"S-tag000281"	3	184590100	0.552031	0.733162	3.467837	0	-1.568366	1
"S-tag000282"	18	307648	0.06566	-0.013357	2.089404	0	-1.133123	1
"S-tag000283"	10	109771330	0.153261	-0.119594	2.133383	0	-1.062037	1
"S-tag000287"	22	39040279	0.453262	0.375101	2.367038	0	-0.095434	0.535085
"S-tag000288"	8	48392295	-0.133014	-0.091648	2.292455	0	-1.147003	1
"S-tag000289"	13	64828109	0.243745	0.36556	2.360017	0	0.361866	0.348916
"S-tag000290"	3	190738560	0.475317	0.407884	3.375404	0	NA	0
"S-tag000291"	8	3352437	-0.366004	-0.370428	1.610667	0	-0.765518	0.996586
"S-tag000292"	2	32077862	0.093455	0.021862	2.112138	0	0.957082	0.004773
"S-tag000293"	5	161334990	0.372542	0.272419	2.260475	0	-1.17531	1
"S-tag000294"	6	108777100	0.097973	0.28035	2.564777	0	0.249738	0.384688
"S-tag000295"	1	151780177	0.966525	0.64168	2.87135	0	-0.413886	0.655154
"S-tag000300"	1	207509022	0.442625	0.59451	3.042142	0	-0.427804	0.649491
"S-tag000302"	12	80764656	-0.220391	0.203077	2.095045	0	NA	0.066168
"S-tag000304"	22	21330608	-0.211861	-0.050693	1.867197	0	-0.936681	1
"S-tag000305"	7	55166831	0.482099	0.56478	2.91776	0	-1.23589	0.988209
"S-tag000306"	18	72611579	-0.185014	-0.139314	2.03859	0	-0.850669	0.994348
"S-tag000307"	11	3364872	-0.998887	0.294645	2.154528	0	-0.04812	0.556655
"S-tag000310"	6	110936144	0.768235	0.628843	2.82793	0	-0.242821	0.571833
"S-tag000313"	12	23091130	0.450783	0.30334	3.131721	0	-1.402576	0.998934
"S-tag000314"	2	141096616	-0.279463	-0.344225	1.949171	1	-0.734251	1
"S-tag000315"	9	105280321	-0.221456	0.052118	2.01984	1	NA	0.479542
"S-tag000318"	24	118815086	0.373226	0.150393	2.346289	0	1.207051	0
"S-tag000319"	8	105668650	-0.341074	-0.00126	2.397424	0	NA	NA
"S-tag000320"	6	117733717	0.174341	0.239022	2.651074	0	-1.20376	1
"S-tag000321"	19	21495804	0.321759	0.159304	2.356877	0	1.341121	0.004073
"S-tag000322"	13	33431045	0.105764	-0.044522	2.030619	0	-0.418848	0.710853
"S-tag000325"	2	115306432	0.831622	0.554678	1.998115	1	-0.11122	0.561858
"S-tag000326"	7	113563350	0.607301	0.434837	2.248737	0	1.403472	0
"S-tag000330"	7	134612018	-0.054636	-0.05872	2.138717	0	-0.017864	0.504662
"S-tag000331"	20	14281854	-0.005233	-0.129444	1.714685	1	0.928317	0
"S-tag000334"	15	50428495	-0.022562	-0.107112	1.969051	0	-0.965474	1
"S-tag000335"	1	57713737	0.421327	0.040987	1.981085	0	-1.419562	0.999341
"S-tag000337"	9	16546478	0.006744	0.055377	2.144647	0	0.945951	0
"S-tag000339"	24	12839326	-0.06954	0.027034	2.181476	0	-1.018568	1
"S-tag000340"	11	11546924	-0.147286	-0.034941	1.947032	1	0.048811	0.446958
"S-tag000343"	17	1773273	0.420077	0.480283	2.474495	0	-1.314471	1
"S-tag000350"	14	74598780	0.645525	0.248813	2.414044	0	1.374705	0.005139
"S-tag000354"	2	103619483	0.179884	0.215201	1.907015	1	0.061435	0.490479
"S-tag000356"	1	120241771	-0.362913	-0.242119	2.10258	0	0.223413	0
"S-tag000359"	12	46828918	0.678549	0.412661	2.145703	0	0.05262	0.458922
"S-tag000361"	24	113854086	-0.295617	-0.318233	2.428652	0	NA	0.011247
"S-tag000362"	3	54718721	0.027341	-0.175006	1.951865	1	1.017695	0.002025
"S-tag000364"	1	165497144	-0.524078	0.512838	2.806044	0	-0.418673	0.705668
"S-tag000365"	24	37027007	0.483351	0.570977	2.468823	0	-1.47158	0.998237
"S-tag000366"	4	113987369	-0.257983	-0.057482	1.885091	0	0.160822	0.426505
"S-tag000369"	5	107442047	0.072881	0.002028	2.184107	0	-1.0775	0.978176
"S-tag000370"	13	32465781	-0.157742	-0.077352	2.020606	0	0.888129	0.005095
"S-tag000371"	2	106563295	-0.258924	-0.13209	1.938859	1	-0.07038	0.528444
"S-tag000374"	8	77664112	0.376857	0.540056	2.473339	0	1.282875	0.005649
"S-tag000375"	19	11080921	-0.142544	-0.228348	1.855807	0	-1.011478	0.975217
"S-tag000378"	1	72814783	0.085823	0.050304	2.132892	0	0.019547	0.489221
"S-tag000379"	18	72102660	-0.188472	-0.154604	2.063608	0	-0.914988	1
"S-tag000380"	12	57713141	0.444119	0.389581	2.126492	0	0.037311	0.460767
"S-tag000382"	3	111077048	-0.253726	-0.075079	1.935761	1	0.911289	0
"S-tag000383"	1	238120177	0.664893	0.348361	2.722856	0	1.465361	0
"S-tag000385"	22	33119113	-0.297841	-0.07294	2.063872	0	-0.876017	1
"S-tag000386"	3	14591346	-0.171942	-0.129734	1.902317	1	0.807658	0.015467
"S-tag000388"	1	8926868	-0.08916	0.018541	2.098996	0	-0.158637	0.589344
"S-tag000390"	3	188409366	0.159948	0.125682	3.094607	0	NA	0.006915
"S-tag000392"	1	162726281	0.528815	0.532369	2.823749	0	-0.391948	0.661545
"S-tag000394"	8	24900556	-0.589048	-0.431948	1.398431	0	0.760593	0.009619
"S-tag000398"	11	34359571	0.176867	0.122507	2.039101	0	-0.026586	0.521943
"S-tag000400"	17	40609405	-0.063128	-0.121006	2.522309	0	-1.119382	0.997925
"S-tag000401"	17	73847613	0.341517	0.208052	2.587612	0	1.275791	0
"S-tag000402"	5	20385557	0.449407	0.402319	2.646167	0	0.360323	0.351654
"S-tag000403"	11	9343732	0.401443	0.472168	2.149304	1	1.272081	0.003973
"S-tag000405"	16	31810786	0.307475	0.171213	2.300987	0	1.048455	0.00444
"S-tag000408"	13	80670424	0.100329	0.108082	2.308032	0	-1.187113	0.997647
"S-tag000412"	4	62945156	0.248352	0.184082	2.055048	0	0.208125	0.401518
"S-tag000413"	14	37535676	0.394486	0.427175	3.458065	0	-0.411714	0.658479
"S-tag000415"	1	51858716	0.124586	0.17146	2.160766	0	1.140383	0.021544
"S-tag000419"	7	126850221	-0.142604	0.025839	2.347444	0	-0.920419	0.999397
"S-tag000420"	11	119137512	0.012373	0.183661	2.153533	1	-0.890844	0.968719
"S-tag000424"	19	41815948	-0.388487	-0.449552	1.886365	0	0.884647	0.015292
"S-tag000425"	4	93220487	0.025305	0.020804	2.030281	0	-0.997747	1
"S-tag000426"	6	148466471	0.481455	0.260174	2.655774	0	1.330753	0
"S-tag000427"	3	173508722	1.093405	0.790123	3.406906	0	-1.757534	1
"S-tag000429"	12	69017409	0.080909	0.048903	2.062187	0	-0.075684	0.499568
"S-tag000430"	10	59484180	0.140562	-0.003349	2.032727	1	-1.039979	0.998469
"S-tag000432"	1	48510324	-0.597148	-0.188715	2.133086	0	-0.876622	1
"S-tag000433"	19	12370583	0.27427	0.05817	1.775964	0	-0.026316	0.505295
"S-tag000440"	20	9520933	0.120504	-0.143836	1.761987	1	1.043779	0.002165
"S-tag000441"	20	44792583	-0.578882	0.576494	2.324435	0	NA	0.010935
"S-tag000442"	2	81663140	0.204622	0.048063	2.047662	1	-1.04291	1
"S-tag000443"	16	80316298	-0.286213	-0.254237	1.717867	0	0.834872	0.005928
"S-tag000445"	1	92664567	0.492562	0.365026	2.155238	0	1.273566	0.007359
"S-tag000446"	7	97372593	0.137479	0.128989	2.34096	0	-1.211381	1
"S-tag000448"	19	10629460	-0.534259	-0.308111	1.884996	1	NA	0.081553
"S-tag000449"	7	17212073	-0.576619	-0.299742	2.719275	0	0.175708	0.423225
"S-tag000450"	21	26885953	0.135026	0.25787	2.981819	0	-1.267291	0.999073
"S-tag000451"	24	100469790	0.509332	0.319055	2.460813	0	-0.25875	0.49799
"S-tag000452"	11	60101453	0.649452	0.285998	2.233887	0	1.273729	0.005752
"S-tag000453"	3	3640359	0.744521	0.438708	1.934084	1	0.017589	0.482012
"S-tag000454"	13	40589468	0.312121	0.110037	1.885159	0	0.49024	0.296288
"S-tag000457"	24	117890456	-0.155631	-0.042005	2.382913	0	-1.031312	1
"S-tag000458"	2	12585727	-0.281774	-0.190403	2.002814	0	NA	0.008759
"S-tag000460"	4	179962359	0.560721	0.450056	2.007704	0	-0.160065	0.586364
"S-tag000461"	3	187594772	0.856576	0.829028	3.202542	0	1.389927	0.015844
"S-tag000463"	11	83923680	0.094036	0.124411	2.193645	0	-1.187918	1
"S-tag000464"	15	64516484	-0.059212	0.050507	1.909387	1	0.978598	0.002211
"S-tag000465"	13	21169348	-0.121012	0.093348	2.03657	0	1.305095	0.001931
"S-tag000466"	18	5640966	0.016245	0.035438	2.052966	0	-0.530699	0.728945
"S-tag000467"	18	33637904	0.45151	0.459618	1.985381	0	-1.245042	0.993884
"S-tag000468"	4	174684964	-0.199136	-0.154918	1.935013	0	-0.923115	1
"S-tag000469"	19	37134068	0.328858	0.397756	2.239485	0	0.091193	0.46826
"S-tag000472"	13	78729367	0.095932	0.247758	2.24006	0	0.902023	0.003273
"S-tag000474"	5	114957561	-0.563471	-0.200772	2.186155	0	1.022559	0
"S-tag000475"	17	41137501	0.181411	0.088999	2.547508	0	-0.97394	0.776512
"S-tag000481"	17	41277460	0.007399	-0.024452	2.614793	0	1.239447	0.009936
"S-tag000482"	20	26239964	0.377331	0.288384	2.088368	0	-0.084958	0.527449
"S-tag000483"	6	63234410	-0.187323	0.14615	2.753425	0	NA	0
"S-tag000484"	17	55413334	0.474629	0.185024	2.40693	0	-0.555593	0.738625
"S-tag000486"	20	52836074	0.559083	0.445568	2.255255	0	-0.005068	0.49944
"S-tag000487"	3	47956424	0.035855	0.090402	1.873279	1	0.033936	0.475527
"S-tag000489"	12	90493557	-0.034172	0.080915	2.030019	0	-0.014831	0.502324
"S-tag000491"	2	155590902	-0.167661	-0.069248	1.944444	0	0.844264	0.004877
"S-tag000493"	9	80426480	0.13111	-0.050786	1.980954	1	0.88757	0.058156
"S-tag000496"	2	86454704	0.001965	-0.205208	1.996897	1	-0.902167	0.999937
"S-tag000498"	10	14574817	-0.14549	-0.111931	1.932762	1	-0.030142	0.521442
"S-tag000499"	11	130682921	0.087116	0.122702	2.124859	0	0.034448	0.488453
"S-tag000500"	1	206740560	0.423161	0.315162	2.903946	0	-1.345049	0.999393
"S-tag000501"	9	140587156	0.508891	0.234055	2.076914	0	1.189868	0.024462
"S-tag000503"	3	181940154	1.225391	1.15224	3.782016	0	0.597256	0.356693
"S-tag000505"	4	77891169	0.04889	-0.021252	1.951408	0	0.960775	0.000146
"S-tag000506"	5	138167497	0.268325	0.14629	2.17906	0	-0.903185	0.949822
"S-tag000508"	8	30110396	-0.584011	-0.467575	1.297831	0	0.28819	0.028371
"S-tag000510"	19	53495333	-0.216794	-0.010461	2.080916	0	1.223233	0.003756
"S-tag000511"	4	103110066	0.125598	0.094563	1.881814	0	0.093692	0.460585
"S-tag000512"	2	16113952	0.290357	0.176511	2.237008	0	1.061108	0.002879
"S-tag000515"	2	63596009	0.151226	0.030974	1.941119	1	1.238417	0
"S-tag000516"	24	144877969	-0.446411	-0.126547	2.36847	0	1.058199	0
"S-tag000520"	2	100603279	-0.245889	-0.346387	1.985155	1	0.942168	0.000595
"S-tag000521"	6	119616891	0.713428	0.543238	2.724193	0	-0.311717	0.602666
"S-tag000522"	5	124769855	-0.105153	0.04828	2.110871	0	0.978496	0
"S-tag000523"	1	100543962	0.162999	0.182611	2.125339	1	1.014242	0.01582
"S-tag000524"	16	72175820	0.348272	0.223195	2.106052	0	1.078356	0.010629
"S-tag000527"	11	24577183	0.217894	0.281621	2.192595	0	0.063425	0.462405
"S-tag000528"	5	2128889	0.736366	0.779756	3.572439	0	-0.572319	0.668982
"S-tag000531"	8	71336075	0.460104	0.367386	2.356004	0	1.211571	0.001399
"S-tag000532"	6	141720020	0.643362	0.550542	2.756825	0	0.255979	0.40651
"S-tag000533"	4	107521346	0.256691	0.105785	1.869056	1	-1.037374	0.99802
"S-tag000535"	17	17572384	0.024724	0.101395	2.598768	0	NA	0.973048
"S-tag000536"	4	156127267	-0.603333	-0.205881	1.968639	1	NA	0.042361
"S-tag000537"	3	138954012	0.935255	0.756813	3.546991	0	-1.60618	0.994137
"S-tag000538"	5	90494075	0.186253	-0.080596	2.124579	0	-1.059118	1
"S-tag000541"	2	220627332	-0.283752	-0.226654	1.907835	0	-0.804499	0.995375
"S-tag000542"	10	31580410	0.140752	0.099181	1.955296	1	0.997791	0.003006
"S-tag000545"	17	7605654	0.35125	0.2731	2.245108	0	-1.370603	0.981836
"S-tag000546"	12	46901429	-0.144385	-0.047661	2.144042	0	-0.96288	0.989171
"S-tag000548"	13	87322976	-0.40766	-0.316922	2.33739	0	NA	1
"S-tag000549"	12	115102391	0.167583	0.176399	2.193835	0	0.107221	0.457446
"S-tag000552"	2	225224042	-0.145472	-0.18925	1.861125	1	-0.967066	1
"S-tag000553"	11	39215768	0.340257	0.305676	2.235174	0	0.180287	0.464624
"S-tag000554"	17	37767453	0.518764	0.488379	2.397357	0	1.1714	0.003236
"S-tag000555"	2	61147724	0.105849	0.040397	2.078999	0	-1.132772	0.980477
"S-tag000558"	24	94503606	-0.043158	-0.000397	2.438524	0	1.061828	0.000282
"S-tag000559"	7	55187992	0.224189	0.456828	2.92191	0	-1.432261	0.999181
"S-tag000561"	10	134909770	0.160112	0.148946	2.13199	0	-0.748231	NA
"S-tag000562"	2	99724512	-0.033077	-0.077953	1.928972	1	-0.101567	0.543154
"S-tag000564"	4	21816328	0.106811	0.143526	2.029556	0	NA	1
"S-tag000565"	8	40143306	0.049592	-0.039174	1.396034	0	NA	0.360371
"S-tag000566"	5	112155068	-0.049251	0.023274	2.232781	0	-0.883836	0.995193
"S-tag000567"	2	27768381	0.166559	0.168308	2.031786	1	-1.106896	1
"S-tag000568"	24	116356866	0.34238	0.185329	2.459605	0	-0.162693	0.571235
"S-tag000571"	6	105835662	0.224655	0.302632	2.704076	0	-0.368053	0.596602
"S-tag000572"	1	92198162	0.073554	0.009087	2.112586	0	0.04461	0.482941
"S-tag000573"	2	227271167	0.016861	0.162148	1.892365	1	1.032706	0.003717
"S-tag000574"	1	46216722	-0.165693	0.209391	2.144306	0	1.067814	0.001996
"S-tag000575"	12	66963297	0.319832	0.148749	2.181841	0	-0.020562	0.505381
"S-tag000577"	4	62791716	-0.440126	-0.379358	2.067531	0	-1.041333	1
"S-tag000578"	6	162836071	0.234382	0.413394	2.773075	0	-1.299065	1
"S-tag000580"	9	11146526	0.347319	0.277586	2.181158	0	-0.089314	0.544782
"S-tag000581"	11	123537272	0.037949	0.150401	2.106169	0	1.004874	0
"S-tag000582"	10	97055832	-0.204367	-0.174123	2.050727	1	NA	0.032581
"S-tag000585"	8	143829499	0.234772	0.212566	2.498912	0	-0.364259	0.611891
"S-tag000588"	11	23297357	0.769681	0.560701	2.15781	0	-1.294543	0.997635
"S-tag000591"	17	64332562	0.330611	0.051922	2.472912	0	1.212869	0.002934
"S-tag000594"	12	89528800	0.014668	0.02759	1.994352	1	-1.002877	0.9969
"S-tag000595"	7	133440786	0.1706	0.130513	2.236884	0	-1.204336	1
"S-tag000596"	19	29009269	0.942149	0.736241	3.29191	0	0.001853	0.503747
"S-tag000600"	13	49065037	0.149561	0.223896	1.890265	0	-0.953169	1
"S-tag000601"	9	112553003	-0.732349	-0.51111	1.936392	0	0.837764	0.000571
"S-tag000602"	1	162676698	0.579581	0.619297	2.825008	0	-0.492719	0.689846
"S-tag000603"	4	179757471	0.243383	0.271132	2.005636	0	-1.113701	0.998615
"S-tag000605"	19	4545717	0.246579	0.074321	1.815591	0	0.13827	NA
"S-tag000606"	3	139475978	0.594289	0.603425	3.579038	0	1.37282	0.003019
"S-tag000608"	6	137477823	0.158354	0.13253	2.655008	0	0.191973	0.413248
"S-tag000609"	1	43836928	-0.1179	-0.128572	2.111135	0	-0.062459	0.506573
"S-tag000613"	11	113997335	0.055229	-0.058186	2.101565	0	1.107596	0
"S-tag000615"	8	57641583	0.309147	0.414794	2.520782	0	-1.245274	0.998868
"S-tag000616"	18	58800374	-0.038651	0.004913	1.959029	0	-0.418286	0.704366
"S-tag000617"	9	127874802	0.419524	0.373593	1.931391	1	-0.069567	0.526765
"S-tag000619"	1	7394728	0.284213	0.233146	2.107141	0	0.049282	0.457383
"S-tag000621"	4	42924853	0.165666	0.262172	2.197896	0	0.291815	0.37998
"S-tag000624"	1	53233374	0.803101	0.530411	2.156924	0	-1.43699	1
"S-tag000625"	4	90152606	0.439039	0.286617	1.881652	0	1.089627	0.024683
"S-tag000627"	16	68837068	0.135131	0.022088	1.948861	0	-1.142924	0.998089
"S-tag000629"	21	19254879	0.838581	0.698981	3.100209	0	1.74021	0
"S-tag000630"	17	59856645	-0.114539	0.139667	2.704335	0	0.674665	0.197121
"S-tag000631"	24	18480745	0.278537	0.449383	2.460053	0	-1.284329	0.998469
"S-tag000632"	11	17619908	-0.040085	0.099368	2.13143	1	0.911325	0.005421
"S-tag000633"	1	160976337	0.252896	0.46748	2.791327	0	-0.638386	0.704025
"S-tag000634"	6	152199359	0.271177	0.291871	2.636143	0	1.280017	0
"S-tag000635"	2	201276639	-0.447897	-0.196382	1.842021	1	0.095204	0.485314
"S-tag000636"	7	158367161	0.501367	0.480986	2.593828	0	-1.318456	0.9828
"S-tag000637"	13	112222303	0.589491	0.387974	2.426301	0	0.372938	0.37997
"S-tag000639"	8	66814578	0.270214	0.386759	2.332764	0	-1.053734	0.995562
"S-tag000640"	9	94596781	-0.075446	-0.006217	1.94845	1	0.885124	0
"S-tag000642"	7	37060158	0.39209	0.347021	2.88888	0	-1.304644	1
"S-tag000643"	1	186651296	-0.026994	0.286555	2.730587	0	NA	0
"S-tag000647"	12	89054587	-0.063939	-0.020594	2.008381	1	-0.872849	1
"S-tag000650"	16	34224384	-0.009937	0.064974	2.410215	0	0.851861	0.002162
"S-tag000652"	6	93960424	-0.378932	0.080225	2.660117	0	0.175105	0.410687
"S-tag000653"	7	105326263	-0.418957	-0.076307	2.298494	0	1.012506	0.000373
"S-tag000654"	20	26106445	0.046066	0.024985	2.066658	0	0.089841	0.474906
"S-tag000655"	6	434915	-0.224404	-0.014241	2.697208	0	-1.164851	0.991694
"S-tag000656"	18	30045069	-0.04382	0.122896	1.991399	0	-0.939136	0.993458
"S-tag000660"	6	20056263	0.473264	0.451964	2.776237	0	-0.177331	0.568206
"S-tag000661"	14	76913568	0.085043	0.129488	2.375293	0	1.310733	0.004174
"S-tag000667"	7	73594148	-0.255804	0.112887	2.333765	0	0.999275	0.007803
"S-tag000668"	10	62425124	0.053214	-0.18077	1.992375	1	-0.927204	0.997204
"S-tag000669"	10	27035779	0.207545	0.13846	2.04782	1	-1.029931	1
"S-tag000673"	2	207922006	-0.166103	-0.235363	1.897921	0	0.915259	0.018093
"S-tag000674"	8	119737284	-0.317032	-0.202856	2.168652	0	-1.049489	1
"S-tag000676"	12	121483949	0.238593	0.292316	2.070313	0	0.111323	0.458672
"S-tag000682"	2	84088318	0.016892	0.111748	2.031476	1	1.091072	0.002534
"S-tag000683"	11	63210098	0.289924	0.236641	2.191216	0	-1.131429	1
"S-tag000684"	3	44063924	-0.391986	-0.328543	1.958205	1	0.821816	0.002273
"S-tag000685"	5	133845112	0.700652	0.394936	2.270186	0	-0.089591	0.563746
"S-tag000686"	5	176151747	0.890572	0.940962	2.750958	0	1.363246	0
"S-tag000687"	24	4780180	0.182993	0.172352	2.327971	0	-1.277101	1
"S-tag000692"	24	132949982	-0.062556	-0.171251	2.367574	0	1.05893	0
"S-tag000693"	8	79394667	0.202256	0.068307	2.431536	0	0.247505	0.390639
"S-tag000694"	10	118150013	-0.08216	0.157796	2.173441	1	0.943629	0
"S-tag000695"	15	67363283	-0.180449	-0.172616	1.961927	0	-0.060602	0.542427
"S-tag000696"	16	8924096	-0.43945	-0.232645	2.207282	0	NA	0.995487
"S-tag000700"	4	97304647	-0.04148	0.039439	2.127554	0	NA	0.488916
"S-tag000701"	12	86929340	0.118076	0.025614	2.133994	1	0.878877	0
"S-tag000702"	5	10955988	0.196512	0.103375	2.649615	0	-1.236255	0.997067
"S-tag000703"	17	57608214	-0.145813	0.192333	2.572206	0	-0.907734	0.784169
"S-tag000704"	22	22339901	-0.010166	-0.160196	1.730134	0	0.380214	0.32447
"S-tag000705"	14	62813003	0.871794	0.742102	2.525023	0	0.04288	0.493506
"S-tag000706"	24	153265728	0.366831	0.487578	2.446759	0	1.192405	0.006936
"S-tag000712"	10	10155884	-0.395199	-0.385579	2.02661	1	-0.871585	1
"S-tag000714"	8	1209510	0.028698	-0.113055	1.513789	0	0.68101	0.006752
"S-tag000715"	14	44183436	0.392179	0.318324	2.695096	0	-1.371126	1
"S-tag000718"	4	155893600	-0.316411	0.092265	1.980352	1	0.918884	0.024879
"S-tag000719"	7	40728868	0.245791	0.230187	2.921818	0	-1.237168	0.993973
"S-tag000720"	16	71722209	1.135106	0.655566	2.167201	0	NA	NA
"S-tag000721"	12	12084073	-0.515144	-0.479724	1.477605	0	-0.877744	0.999561
"S-tag000722"	2	68395631	0.544677	0.441343	1.988096	1	0.143785	0.430202
"S-tag000724"	14	54263851	0.817802	0.694516	3.597066	0	0.465699	0.356696
"S-tag000726"	24	40460040	0.306036	0.340371	2.436988	0	1.228092	0.007141
"S-tag000728"	7	14740847	0.459441	0.504115	2.721473	0	1.274925	0.003743
"S-tag000730"	15	69564343	0.02482	-0.055897	1.958423	1	0.938495	0.007102
"S-tag000733"	11	8525293	0.206935	0.352518	2.206112	1	-1.252075	1
"S-tag000737"	12	77468688	0.574388	0.396662	2.117747	1	1.248857	0.000896
"S-tag000738"	1	16028817	0.121097	-0.014033	2.151417	0	-0.131878	0.524571
"S-tag000739"	11	57248003	-0.236005	-0.064378	2.136584	1	0.063337	0.449268
"S-tag000741"	13	57868480	0.422003	0.192921	1.974293	0	-0.986279	1
"S-tag000743"	9	84299436	0.048534	-0.034684	1.933596	0	-0.021365	0.512248
"S-tag000746"	16	61793464	0.259638	0.078017	1.959943	1	1.094325	0.00128
"S-tag000747"	4	6213622	0.374585	0.158027	2.101508	0	1.174726	0.011437
"S-tag000748"	10	71818504	0.231264	0.239365	2.072781	1	-0.114491	0.526027
"S-tag000749"	11	8805261	-0.135566	-0.082748	2.196283	1	1.070168	0.005251
"S-tag000754"	3	131650620	0.191199	0.09314	1.967101	0	-1.004221	0.993294
"S-tag000757"	3	8168963	-0.368542	-0.280106	1.955861	0	0.124459	0.433825
"S-tag000758"	7	149147283	0.210344	0.223776	2.298711	0	1.102427	0.001376
"S-tag000759"	9	88501270	-0.068938	-0.109155	2.01765	0	NA	0.008081
"S-tag000761"	16	88961887	-0.264679	-0.347113	1.746706	0	NA	0.974752
"S-tag000762"	4	77678728	-0.332515	-0.15793	1.959675	0	-0.817276	1
"S-tag000766"	14	99224107	0.679776	0.469079	2.528407	0	1.532053	0.002486
"S-tag000772"	3	119786489	0.324582	0.198108	1.98411	0	-1.075237	0.988982
"S-tag000773"	8	75409408	0.295743	0.391216	2.37737	0	-0.195481	0.575455
"S-tag000774"	3	94952474	-0.044113	-0.014312	1.920912	1	-0.960954	1
"S-tag000775"	11	85709129	0.136177	0.23179	2.124464	0	1.90567	0.051936
"S-tag000778"	11	21536391	-0.083058	0.00812	2.125844	0	1.075922	0
"S-tag000779"	1	20135612	0.354559	0.067717	2.16381	0	-0.033972	0.517017
"S-tag000780"	17	7610935	0.104141	0.163972	2.246215	0	-0.93562	0.977672
"S-tag000782"	6	71234960	0.08954	0.253643	2.83047	0	NA	0.004633
"S-tag000783"	8	2802986	-0.000598	-0.335893	1.499592	0	0.22458	0.372743
"S-tag000786"	2	9619596	-0.190539	-0.090825	2.019749	1	0.80369	0.003009
"S-tag000790"	17	38504415	-0.252163	-0.239547	2.182353	0	-0.843226	0.981196
"S-tag000791"	19	29780521	0.679746	0.703161	3.557542	0	0.076835	0.4712
"S-tag000792"	4	150713866	-0.253622	-0.168037	1.930194	0	0.957749	0.003082
"S-tag000793"	1	100672060	0.524092	0.314112	2.119524	1	-1.329621	0.993212
"S-tag000794"	4	176660420	-0.058049	-0.018557	2.025574	0	0.95122	0.002268
"S-tag000795"	1	240177097	0.295782	0.258106	2.711285	0	NA	0.268204
"S-tag000796"	10	88651067	-0.130141	-0.069873	2.121326	0	-0.895164	0.963464
"S-tag000797"	12	104309383	0.424391	0.434589	2.150865	0	0.011233	0.488502
"S-tag000798"	4	24455809	-0.465369	-0.299685	1.946944	0	NA	1
"S-tag000800"	24	152611914	0.328853	0.079756	2.357407	0	0.310455	0.39845
"S-tag000801"	15	30219864	0.164807	0.102694	2.168146	1	1.070792	0.032556
"S-tag000802"	1	75485887	-0.078108	0.000517	2.20333	0	0.921938	0
"S-tag000803"	2	177944822	0.519957	0.266626	1.873999	1	0.166629	0.443525
"S-tag000804"	3	113615243	0.011172	0.000386	1.874759	1	-0.843577	0.957136
"S-tag000810"	5	18020347	0.351442	0.375969	2.669214	0	-1.299346	1
"S-tag000811"	3	87833897	-0.554538	-0.301037	1.963981	0	1.110075	0
"S-tag000814"	7	9334567	0.797629	0.610901	2.949474	0	NA	0.579987
"S-tag000815"	24	55738943	0.095448	0.046693	2.373286	0	1.122982	0.002598
"S-tag000816"	24	125883873	-0.011015	-0.164538	2.242262	0	-0.117398	NA
"S-tag000817"	24	23179184	0.417782	0.414011	2.36451	0	-1.081126	1
"S-tag000820"	1	116551979	-0.159877	0.000483	2.024445	0	-0.968397	1
"S-tag000821"	7	149401403	0.232864	0.293759	2.265537	0	1.2193	0.006372
"S-tag000822"	9	87316037	-0.046034	0.072677	1.891938	0	-0.109027	0.541661
"S-tag000828"	6	144227131	0.668951	0.558118	2.705444	0	-0.323771	0.620002
"S-tag000830"	18	61306690	-0.021325	0.158364	1.921858	0	0.419428	0.30807
"S-tag000832"	2	173948732	-0.11256	-0.080532	1.937598	1	NA	0.980668
"S-tag000833"	20	41484685	0.140244	0.051246	2.281801	0	-1.059824	0.995992
"S-tag000834"	15	53612154	0.278587	0.085789	1.840771	0	0.994643	0.000647
"S-tag000835"	6	33211277	0.392416	0.359217	2.752432	0	-1.249174	0.997343
"S-tag000836"	9	126417340	0.76528	0.47015	1.980657	1	0.059919	0.488895
"S-tag000838"	14	100253163	0.574705	0.432699	2.579923	0	1.298756	0.00575
"S-tag000841"	17	16757300	0.318786	0.285616	2.590854	0	-1.482872	0.969216
"S-tag000842"	8	31955149	-0.801315	-0.618869	1.385267	0	NA	0
"S-tag000843"	9	139387846	-0.455309	-0.282266	1.935748	0	-1.028617	0.991738
"S-tag000844"	3	113251079	-0.275894	-0.122459	1.90992	1	-0.889048	0.999927
"S-tag000850"	5	65953018	-0.156828	-0.098077	2.188597	0	-1.07281	1
"S-tag000852"	19	36727365	-0.053206	0.107972	2.165757	0	-1.120688	0.996658
"S-tag000854"	24	50054265	0.170964	0.204497	2.357847	0	-1.046462	0.997111
"S-tag000862"	6	160153166	0.447861	0.271728	2.646101	0	-1.476428	0.987238
"S-tag000863"	4	136828990	-0.91179	-0.367196	2.013309	0	-0.11145	0.562557
"S-tag000865"	6	114350687	0.478471	0.386864	2.815258	0	-0.286258	0.594441
"S-tag000866"	1	98236756	0.384781	0.330645	2.018817	1	-0.08697	0.508536
"S-tag000867"	1	84622513	0.293417	0.252023	2.165302	1	-0.001845	0.495209
"S-tag000868"	12	49419440	0.056809	0.052259	2.111404	0	0.971412	0.003296
"S-tag000871"	6	152207415	0.469049	0.431001	2.640752	0	-1.312553	0.999401
"S-tag000872"	13	62378320	0.368816	0.244147	2.232308	0	0.257127	0.403687
"S-tag000873"	1	116251072	-0.617008	-0.401833	2.056572	1	NA	0.012676
"S-tag000874"	1	209234757	1.100132	0.811062	3.410715	0	0.336397	0.413897
"S-tag000875"	18	31955101	-0.323998	-0.237455	1.932423	0	-0.972054	1
"S-tag000876"	5	42487210	0.165269	0.296159	2.454261	0	-1.269449	1
"S-tag000877"	10	102907770	0.142003	0.151836	2.073252	0	-1.046049	0.992984
"S-tag000878"	12	122762604	0.347271	0.138968	2.120975	0	0.998813	0.008683
"S-tag000879"	21	26364962	0.570335	0.579018	3.049216	0	-1.371366	0.996506
"S-tag000880"	2	71651029	-0.005021	-0.049044	2.093054	0	-0.978479	1
"S-tag000882"	6	44527102	0.256481	0.318388	2.70936	0	-1.171643	0.998176
"S-tag000883"	15	88566617	-0.295772	-0.019073	1.893995	1	-0.844	0.997784
"S-tag000884"	15	94285169	-0.01937	-0.097698	1.945846	0	NA	1
"S-tag000886"	3	76899654	-0.030847	-0.247087	1.897241	1	1.040279	0
"S-tag000887"	18	21592000	-0.421117	-0.277172	1.925726	0	-0.483634	0.977771
"S-tag000891"	7	133076885	0.264344	0.215094	2.300164	0	-0.067948	0.535842
"S-tag000892"	19	33513342	-0.083843	0.486917	2.911313	0	-0.254399	0.593706
"S-tag000893"	6	125365295	0.659937	0.500026	2.666327	0	0.231157	0.428196
"S-tag000896"	3	98028359	0.445699	0.202244	2.004863	0	0.313183	0.449095
"S-tag000899"	3	77022269	0.31123	0.059996	1.893391	1	0.048127	0.494397
"S-tag000900"	24	20217370	0.236647	0.172407	2.28015	0	-1.191136	0.983619
"S-tag000901"	2	141601016	0.227188	0.098332	1.829602	1	1.129357	0
"S-tag000902"	6	98880970	0.527998	0.544545	2.842848	0	0.223626	0.403882
"S-tag000903"	3	13199243	0.158956	0.168955	2.009007	1	0.081683	0.474424
"S-tag000905"	4	86339956	-0.261248	-0.211179	1.808858	0	0.063242	0.467349
"S-tag000908"	2	119065619	-0.303301	-0.132973	1.955034	1	0.85528	0.00074
"S-tag000916"	9	30753998	0.351867	0.387616	2.163199	0	-0.127355	0.519244
"S-tag000919"	17	73185657	0.240196	0.273935	2.610349	0	-0.676556	0.75427
"S-tag000921"	24	8466490	-0.308433	-0.086595	2.3184	0	0.974308	0.001365
"S-tag000924"	18	37804158	-0.473007	-0.262474	1.950508	0	-0.47188	0.994869
"S-tag000926"	7	17831806	0.493302	0.526489	2.690245	0	-1.410141	1
"S-tag000928"	24	107625194	0.103438	0.070591	2.384495	0	1.094407	0.008314
"S-tag000929"	1	244708904	0.064848	0.382293	2.689563	0	0.749984	0.224021
"S-tag000930"	18	8589765	-0.307512	-0.121694	1.931484	0	NA	0.994275
"S-tag000932"	7	52921270	0.824276	0.406081	3.141087	0	-0.283189	0.585067
"S-tag000933"	24	144141319	0.175863	0.217051	2.36979	0	1.071502	0
"S-tag000934"	24	19571920	0.258945	0.277574	2.406055	0	-1.176478	0.998514
"S-tag000936"	2	1685800	0.012171	-0.019143	2.226859	1	-0.010973	0.500897
"S-tag000937"	1	192138277	0.108617	0.427776	2.776308	0	0.762058	0.00173
"S-tag000938"	14	66963249	-0.701139	0.163832	2.401982	0	-1.08308	1
"S-tag000939"	2	38979305	0.078917	-0.019599	1.992707	1	0.975546	0
"S-tag000941"	3	37476427	0.031859	-0.228608	1.925344	1	-0.983095	1
"S-tag000943"	2	237801873	-0.476396	-0.198573	1.893252	0	-0.829651	1
"S-tag000946"	7	118747198	0.086674	0.120806	2.409635	0	1.145542	0
"S-tag000950"	15	78750549	0.222394	0.155678	2.114779	1	NA	0.469498
"S-tag000952"	8	93079246	0.174096	0.211715	2.381865	0	-1.070823	1
"S-tag000953"	10	121586882	-0.061438	-0.173281	2.159895	0	-0.0188	0.509779
"S-tag000954"	6	36586410	0.212862	0.01683	2.645855	0	-1.283295	0.996095
"S-tag000959"	24	3713509	-0.015751	0.128996	2.470484	0	0.940975	0.003624
"S-tag000964"	5	11855867	-0.057641	-0.069867	2.5972	0	-1.022267	1
"S-tag000965"	1	100116642	0.360278	0.436641	2.15191	1	-0.927182	1
"S-tag000968"	3	175444841	0.612778	0.62929	3.314939	0	0.503154	0.345495
"S-tag000971"	5	154719862	0.258159	0.249355	2.342691	0	-1.070956	0.997118
"S-tag000972"	18	39092428	0.284323	0.142854	2.020845	0	-0.927929	0.999038
"S-tag000976"	17	75115626	-0.209825	0.059007	2.424741	0	0.888665	0.003726
"S-tag000977"	4	141035921	-0.399532	-0.415735	1.94066	0	0.299936	0.004737
"S-tag000978"	9	124197892	0.07196	0.138586	1.954538	0	0.058198	0.447711
"S-tag000981"	6	152326197	0.345626	0.234214	2.661818	0	-1.186316	1
"S-tag000982"	17	1210501	0.37099	0.416863	2.680539	0	-1.908476	0.992599
"S-tag000983"	7	145288573	0.088002	0.097889	2.320696	0	-1.075551	1
"S-tag000984"	8	27642233	-0.212058	-0.259724	1.357855	0	-0.831982	0.985108
"S-tag000985"	7	156662269	0.068881	-0.020453	2.382612	0	1.133433	0.000532
"S-tag000986"	11	78015563	-0.224081	-0.086573	2.075541	0	0.925098	0
"S-tag000989"	6	16077203	0.097899	0.069131	2.736698	0	-1.046408	1
"S-tag000990"	2	194950266	0.250228	0.218121	1.936299	0	1.036613	0
"S-tag000991"	1	46248645	-0.023915	-0.068715	2.145009	0	-0.155231	0.564507
"S-tag000992"	9	27193541	0.050186	-0.020458	2.137846	0	-0.181525	0.583414
"S-tag000993"	9	98718673	0.576752	0.295456	1.974292	0	0.052742	0.486584
"S-tag000995"	25	14804077	-2.397333	-3.246641	0.093411	0	-0.013616	0.135229
"S-tag000997"	18	12435098	-0.301129	-0.237086	2.082293	0	-0.433534	0.698581
"S-tag000998"	5	128808244	-0.102776	-0.158978	2.209135	0	0.897778	0.038851
"S-tag000999"	16	62170005	0.16444	0.081316	1.935356	0	0.105446	0.469683
"S-tag001002"	1	247550331	0.399371	0.15885	2.771005	0	0.80755	0.22892
"S-tag001004"	15	59043786	-0.112812	0.221689	1.930534	1	0.052917	0.481328
"S-tag001008"	21	38832614	0.0023	0.268876	3.00643	0	1.006585	0.00511
"S-tag001009"	1	186616202	0.456332	0.521863	2.708048	0	-0.650079	0.710481
"S-tag001010"	2	206536329	-0.060568	-0.143144	1.871198	1	0.867561	0
"S-tag001011"	13	32956757	0.41885	0.238908	2.055038	0	-1.209422	0.99445
"S-tag001013"	1	218762533	0.662039	0.272649	2.506166	0	-0.74274	0.779822
"S-tag001015"	2	153725785	0.224191	-0.002498	1.909564	0	-0.069433	0.529749
"S-tag001016"	12	106628527	0.423607	0.177562	2.176725	0	1.189631	0.028484
"S-tag001020"	1	97310873	0.228609	-0.01486	2.114275	1	0.884393	NA
"S-tag001023"	16	71210912	-0.116248	-0.022501	2.114332	0	0.955466	0.012906
"S-tag001025"	10	102703133	0.404823	0.412044	2.088778	0	-1.092744	0.972136
"S-tag001026"	24	106881009	0.659454	0.577621	2.360588	0	1.387021	0
"S-tag001028"	17	16160843	0.418062	0.330082	2.540804	0	1.327086	0.010379
"S-tag001029"	1	11239617	-0.896828	0.172055	2.257033	0	NA	0.978929
"S-tag001031"	8	81839692	0.315171	0.275434	2.32311	0	-0.245079	0.596329
"S-tag001032"	24	38557574	-0.94266	0.19213	2.352624	0	NA	0.979593
"S-tag001034"	9	27627362	0.372959	0.011333	2.165572	0	1.079968	0
"S-tag001035"	11	6374273	-0.576856	-0.373024	1.988051	1	NA	0.978629
"S-tag001036"	5	31401447	0.394215	0.480537	3.114402	0	-1.392318	0.999878
"S-tag001037"	3	174390804	0.736496	0.564354	3.318251	0	-0.483199	0.658659
"S-tag001038"	19	4254211	-0.189011	-0.116445	1.804857	0	0.813157	0.011924
"S-tag001039"	2	71949888	0.004129	0.007873	2.084773	0	-0.032537	0.504928
"S-tag001040"	17	61959440	-0.151039	0.151852	2.404726	0	-0.738342	0.964976
"S-tag001041"	20	1812960	-0.431908	-0.377372	1.777052	1	0.637653	0
"S-tag001042"	5	79622472	0.734191	0.573058	2.283204	0	-0.165462	0.572889
"S-tag001045"	17	34083465	0.139194	0.045515	2.526924	0	-1.183487	1
"S-tag001046"	12	120363678	0.425943	0.185193	2.185483	0	1.394319	0.006573
"S-tag001047"	15	80505289	-0.216066	-0.310929	1.927431	1	-0.981268	0.998909
"S-tag001050"	2	29943596	-0.247769	-0.280912	2.014341	1	0.917029	0
"S-tag001052"	7	123129020	-0.02061	0.072673	2.233808	0	-1.043459	1
"S-tag001056"	13	48477379	-0.027988	-0.106728	1.944218	0	NA	0
"S-tag001057"	12	129072316	0.214201	0.057806	2.313121	0	0.024932	0.483666
"S-tag001061"	10	124785862	-0.146352	-0.005624	2.065442	1	-0.025697	0.509946
"S-tag001062"	1	74743034	-0.450028	-0.247942	2.165813	0	0.20793	0
"S-tag001066"	20	14511168	0.39804	0.107178	1.778334	0	-0.869266	1
"S-tag001067"	13	88055722	0.129948	0.355823	2.295466	0	-0.233929	0.597462
"S-tag001068"	9	140399983	0.544753	0.285582	2.017041	0	-0.101399	0.531234
"S-tag001072"	8	128366829	0.066897	0.164029	2.364948	0	NA	NA
"S-tag001073"	24	8246857	0.412083	0.401352	2.295884	0	-0.15813	0.55652
"S-tag001074"	17	64567162	-0.12674	0.065661	2.486971	0	-1.117163	1
"S-tag001075"	2	104392496	-0.122451	0.035297	1.94836	0	0.09085	0.455279
"S-tag001076"	2	135449228	-0.036106	-0.160878	1.874312	1	0.938302	0.003002
"S-tag001078"	1	200858315	0.589449	0.655138	3.394465	0	-0.240951	0.610092
"S-tag001082"	8	117255741	0.120386	0.070649	2.304488	0	-1.076044	0.998483
"S-tag001084"	1	32223500	-0.495711	-0.46218	2.032816	0	-0.856581	1
"S-tag001085"	3	69997642	0.096895	-0.040977	1.905749	0	1.003884	0.00112
"S-tag001086"	10	131677600	0.063005	0.11795	2.171105	0	-0.94761	1
"S-tag001088"	4	28918790	-0.186726	-0.012703	1.891892	0	0.882696	0
"S-tag001090"	13	86594706	-0.01258	0.136731	2.317881	0	1.004861	0
"S-tag001091"	4	168175101	-0.144669	-0.099762	1.953288	0	0.885282	0
"S-tag001092"	9	76249807	-0.512599	-0.210361	1.947712	1	NA	1
"S-tag001094"	8	24592969	-0.502804	-0.411542	1.402446	0	0.742809	0.005215
"S-tag001096"	3	187468973	0.625233	0.641537	3.254551	0	1.339359	0.007875
"S-tag001097"	6	34436970	0.049942	0.188693	2.787278	0	-0.241944	0.620618
"S-tag001098"	4	53478438	0.278747	0.267875	2.139469	0	1.162419	0.000329
"S-tag001100"	9	75975477	0.63852	0.408122	1.926982	1	0.047744	0.479023
"S-tag001102"	24	74375460	0.521337	0.422212	2.465811	0	1.321335	0.003984
"S-tag001103"	6	126638124	0.508895	0.201255	2.631183	0	-1.214543	1
"S-tag001104"	7	150542646	-0.179179	0.211231	2.195138	0	0.065905	0.442815
"S-tag001105"	5	170677611	-0.024189	0.254682	2.637387	0	-1.181382	0.983237
"S-tag001107"	8	4257291	-0.542062	-0.527783	1.436088	0	NA	0.41616
"S-tag001109"	24	105210063	0.376925	0.354176	2.364769	0	0.200966	0.439667
"S-tag001113"	1	54484482	-0.622058	-0.224491	2.184335	1	NA	0.983855
"S-tag001116"	1	99366837	-0.092341	-0.015271	2.138167	1	NA	0.999677
"S-tag001119"	5	112053656	-0.119148	-0.074771	2.198382	0	0.984304	0
"S-tag001122"	5	123924107	0.174163	0.112882	2.112441	0	-0.001061	NA
"S-tag001129"	8	48694884	0.540518	0.327417	2.326608	0	-1.355277	0.997517
"S-tag001130"	2	211677003	-0.931668	-0.406167	1.867485	1	0.494838	0
"S-tag001133"	4	153226998	0.277387	-0.080368	1.945446	0	-1.113107	1
"S-tag001135"	5	146756993	0.190258	0.230466	2.246163	0	-1.063059	0.955375
"S-tag001136"	11	133266331	0.276201	0.37092	2.049292	0	0.040364	0.484605
"S-tag001139"	14	80929699	0.119797	0.128442	2.436362	0	-0.033829	0.512874
"S-tag001140"	25	23347078	-4.868709	-4.959323	0.103351	0	-0.003897	0.732635
"S-tag001144"	16	17182622	0.360037	0.26572	2.222772	0	-0.888646	NA
"S-tag001147"	2	237285889	0.013002	-0.141435	1.848836	1	0.079016	0.451757
"S-tag001149"	2	232422257	0.08153	0.099792	1.959549	0	-0.975484	0.963605
"S-tag001150"	19	52846212	0.037888	-0.060863	2.017085	0	-1.139302	0.985325
"S-tag001157"	7	23420767	0.125408	0.422897	2.994507	0	1.22323	0
"S-tag001160"	8	50024944	0.4578	0.181809	2.52036	0	1.155784	0.002019
"S-tag001161"	2	186342420	-0.335839	-0.318724	1.945592	0	-0.037854	0.506158
"S-tag001163"	14	42854423	0.206779	0.231373	2.666448	0	1.085323	0.002629
"S-tag001164"	7	106698668	0.105131	0.115803	2.343593	0	1.062685	0.010398
"S-tag001168"	13	41121990	-0.007469	-0.04444	1.852524	0	-0.471339	0.704642
"S-tag001170"	6	116501983	0.154951	0.274414	2.710791	0	-1.01035	1
"S-tag001172"	2	11748037	0.237731	0.174422	2.075833	1	-1.189574	0.995183
"S-tag001173"	9	75938593	0.617045	0.434722	1.923231	1	0.070921	0.48883
"S-tag001176"	10	68982593	0.336849	0.275387	2.121234	0	1.192302	0
"S-tag001177"	13	74455176	0.389344	0.438582	2.291692	0	-1.121972	1
"S-tag001179"	20	7129677	-0.218214	-0.080911	1.794462	1	-0.569365	0.995312
"S-tag001181"	11	13192706	0.410009	0.211521	2.03384	0	0.011837	0.446379
"S-tag001186"	8	54348837	-0.222687	0.040572	2.582559	0	-0.230955	0.618993
"S-tag001187"	9	81699430	0.160436	0.105648	1.997507	1	-1.030472	0.998687
"S-tag001188"	5	115751889	0.419406	0.251593	2.190821	0	1.151361	0.005483
"S-tag001190"	2	176965086	-0.353031	-0.317122	1.906007	1	-0.083663	0.533713
"S-tag001192"	2	14285547	0.01838	0.183863	2.053898	0	-0.938207	1
"S-tag001195"	1	46395089	-0.047021	-0.053269	2.150129	0	-0.166626	0.584169
"S-tag001196"	10	6918209	0.244473	0.150276	1.977632	1	1.264422	0.009843
"S-tag001197"	9	35870001	-0.392611	-0.181494	2.137901	0	-1.155894	0.992578
"S-tag001198"	3	169388670	0.576625	0.737658	3.323098	0	1.598461	0.010607
"S-tag001199"	13	98462629	0.495601	0.486792	2.298687	0	NA	0.055302
"S-tag001200"	5	8896731	0.658024	0.585528	2.691154	0	-1.33356	1
"S-tag001201"	5	176890416	-0.139396	-0.128575	2.830302	0	-0.452355	0.646685
"S-tag001203"	12	105895904	0.278763	0.127023	2.16284	0	-1.148115	0.963297
"S-tag001205"	16	88860417	-0.627388	-0.430703	1.744914	0	NA	0.975135
"S-tag001206"	3	22810369	-0.3601	-0.290406	1.899726	1	-0.032962	0.494897
"S-tag001207"	3	39020408	-0.038646	0.127529	2.019995	1	0.073821	0.471843
"S-tag001209"	14	51217574	-0.309142	0.086866	2.992718	0	NA	0.003601
"S-tag001217"	8	82250613	0.141301	0.128879	2.305338	0	-1.084513	0.995578
"S-tag001218"	8	25431910	-0.375837	-0.472365	1.403889	0	-0.695827	0.995014
"S-tag001219"	15	84408546	0.273273	0.170343	2.089545	0	0.132317	0.452705
"S-tag001222"	5	17384798	0.50344	0.511746	2.644182	0	1.230055	0.005998
"S-tag001223"	4	114732529	-0.217211	-0.199703	1.867467	0	0.849457	0.003358
"S-tag001225"	16	60902823	-0.000112	0.102431	2.041906	1	-0.015034	0.503351
"S-tag001226"	5	50480791	0.53501	0.547391	2.272167	0	0.219615	0.415654
"S-tag001228"	17	58003594	0.367872	0.320064	2.556125	0	-1.232324	1
"S-tag001229"	4	47055106	-0.173452	0.056862	2.109833	0	1.066892	0
"S-tag001230"	3	12689858	0.014873	-0.075929	1.948135	1	0.991554	0.00815
"S-tag001232"	8	113319754	0.126803	0.127309	2.338277	0	-1.641963	1
"S-tag001234"	24	115067402	0.186689	0.270388	2.480918	0	0.211226	0.419947
"S-tag001236"	10	62948582	0.195719	0.240252	1.964228	1	0.117391	0.467089
"S-tag001238"	9	17766315	0.199748	0.133262	2.177081	0	-1.108617	0.99929
"S-tag001242"	3	14179704	-0.741953	-0.55429	1.932694	1	-0.760683	0.98533
"S-tag001246"	4	102945076	0.169457	0.140116	1.886717	0	-0.997863	1
"S-tag001247"	6	138466741	0.304069	0.282035	2.563754	0	-1.204177	1
"S-tag001248"	19	5137846	-0.362939	-0.451276	1.802189	1	-0.068242	0.519825
"S-tag001250"	2	30559816	-0.329493	-0.142742	1.97686	1	-0.913289	1
"S-tag001251"	20	9813850	0.064958	-0.070342	1.786839	1	-0.981408	0.996458
"S-tag001254"	4	124808047	0.198929	0.133436	2.000831	0	0.022497	0.467981
"S-tag001255"	1	183449357	0.270743	0.44237	2.641836	0	-0.597017	0.737591
"S-tag001256"	3	145795559	0.136745	0.29631	3.471525	0	0.534791	0.314865
"S-tag001259"	17	76425176	-0.089874	0.049542	2.621067	0	NA	0.99501
"S-tag001261"	9	140164610	0.170018	0.021088	1.921458	0	-1.070616	0.962927
"S-tag001262"	19	9624241	-0.14685	-0.048275	1.974732	1	-0.924952	1
"S-tag001263"	16	26351625	0.631875	0.450022	2.330263	0	0.054209	0.481073
"S-tag001264"	5	71496419	0.251946	0.14443	2.143897	0	1.079426	0
"S-tag001267"	11	77949637	0.072669	0.054153	2.079938	0	1.144617	0.002338
"S-tag001268"	3	64614823	-0.298673	-0.401296	1.793159	1	0.843177	0
"S-tag001269"	2	140874590	-0.255721	-0.178863	1.962549	1	0.147753	0.440827
"S-tag001270"	6	31526403	0.243385	0.05515	2.37745	0	-1.163923	0.98283
"S-tag001271"	20	34793497	0.441565	0.361118	2.266562	0	1.311411	0.039483
"S-tag001272"	24	135352682	0.218104	0.22111	2.332156	0	-1.130235	0.99851
"S-tag001273"	24	124092815	0.098892	0.099519	2.292111	0	-1.119181	0.999333
"S-tag001274"	14	68327540	0.183324	0.209093	2.166471	0	1.456405	0.010065
"S-tag001275"	2	25902823	0.107193	0.032885	2.06906	0	-0.111799	0.532661
"S-tag001278"	18	19888791	0.21634	0.146253	1.992754	0	1.120693	0.002784
"S-tag001279"	24	52024823	0.285795	0.43004	2.39054	0	-1.209912	1
"S-tag001280"	4	79346759	-0.048335	-0.047861	1.929483	1	0.924241	0.01151
"S-tag001281"	4	56656848	-0.019092	0.065107	2.212699	0	0.277892	0.3798
"S-tag001282"	4	30348330	0.077544	-0.018075	1.887007	0	0.133112	0.493284
"S-tag001284"	17	13581941	-0.686676	0.512768	2.637971	0	-0.4937	0.76505
"S-tag001285"	1	200094347	0.416542	0.517759	3.438985	0	-0.266366	0.5841
"S-tag001287"	20	53701125	0.30571	0.252744	2.339292	0	-1.292452	0.997705
"S-tag001290"	24	4228027	0.36791	0.29761	2.410365	0	1.245723	0.013629
"S-tag001292"	6	49279660	0.388085	0.331933	2.771502	0	1.359899	0
"S-tag001293"	14	39745203	0.327249	0.458001	3.392114	0	1.189408	0
"S-tag001294"	4	3473066	0.116214	0.23378	2.071463	1	0.889637	0.020408
"S-tag001296"	20	15545506	-0.116551	-0.089912	1.72322	1	0.739452	0.014922
"S-tag001298"	4	71265172	0.289522	0.250721	1.948929	0	0.211103	0.40398
"S-tag001299"	4	3040068	0.021438	0.159503	2.107296	0	0.899715	0.056003
"S-tag001300"	6	80790751	0.748853	0.614012	2.753369	0	1.543935	0
"S-tag001305"	1	151970629	0.582713	0.190069	2.892699	0	-0.47339	0.691229
"S-tag001306"	9	93745381	0.096491	-0.013332	1.880347	1	-0.089721	0.523816
"S-tag001307"	1	190948713	0.578658	0.456952	2.727899	0	-1.222935	0.977348
"S-tag001308"	12	11394728	-0.215765	-0.112977	1.531635	0	-0.397319	0.985286
"S-tag001311"	10	16632102	0.30746	0.086838	2.042757	0	0.098652	0.474286
"S-tag001314"	10	96182940	-0.012581	-0.074616	2.092637	1	1.085877	0
"S-tag001315"	6	75780564	0.438386	0.566226	2.706886	0	1.21746	0.001818
"S-tag001316"	18	74449883	0.311055	0.249875	1.967881	0	0.516351	0.282517
"S-tag001317"	5	87041871	0.273908	0.256558	2.185402	0	1.144071	0
"S-tag001318"	9	28492396	0.273356	0.094106	2.20477	0	1.11033	0
"S-tag001320"	13	103643431	0.691224	0.392919	2.429394	0	-0.282767	0.61802
"S-tag001321"	24	6755910	-0.171269	-0.109072	2.262213	0	-0.966805	1
"S-tag001325"	20	46814475	0.05092	-0.07778	2.28676	0	0.999091	0.002693
"S-tag001326"	11	83675487	0.101163	0.041567	2.200782	0	1.029653	0.000561
"S-tag001329"	20	35519475	0.241955	0.130423	2.172357	1	0.024858	0.485056
"S-tag001332"	2	144379627	-0.445183	-0.215663	1.795468	1	-0.712878	0.993104
"S-tag001334"	14	57082648	0.826806	0.613998	3.111927	0	-0.402975	0.620351
"S-tag001335"	3	176069509	0.75611	0.781092	3.318175	0	-1.431514	0.99861
"S-tag001337"	15	42768379	-0.205345	-0.263213	1.983305	0	-0.934098	0.996745
"S-tag001340"	12	30781829	0.785825	0.487458	2.979895	0	0.280235	0.421172
"S-tag001341"	13	100109780	-0.002024	-0.062896	2.298689	0	-1.061555	0.998195
"S-tag001343"	10	17611390	0.396603	0.236559	2.033259	0	-1.216331	1
"S-tag001347"	7	116357535	0.433731	0.088129	2.125547	0	1.163293	0
"S-tag001351"	16	75780917	-0.435221	-0.470318	1.569852	0	-0.759364	1
"S-tag001353"	16	81127471	-0.197637	-0.145634	1.751998	0	-0.958483	0.983542
"S-tag001354"	19	1629706	-0.306899	-0.437203	1.562964	0	-0.713824	0.950941
"S-tag001358"	15	70901123	0.199528	0.016983	1.901723	1	1.160789	0
"S-tag001359"	3	2103131	0.198956	-0.083921	1.882133	1	0.0946	0.470087
"S-tag001360"	8	41846687	-0.258847	-0.230568	1.584797	0	-0.255401	0.622016
"S-tag001362"	6	1696457	0.763176	0.717355	2.853559	0	0.297156	0.402156
"S-tag001364"	25	19023926	-1.816605	-3.039901	0.09116	0	-0.060587	0.82097
"S-tag001365"	24	24257499	0.273016	0.213795	2.354631	0	-1.370127	1
"S-tag001367"	14	97688659	0.310787	0.17775	2.504973	0	-1.071801	1
"S-tag001368"	13	33882066	0.248037	0.14712	2.022433	0	NA	0.027635
"S-tag001369"	15	74285177	-0.933033	-0.672725	1.910557	0	-0.84433	0.998494
"S-tag001370"	7	75675377	-0.128807	0.00666	2.298758	0	0.226111	0.419039
"S-tag001371"	1	162121819	0.55408	0.572892	2.79193	0	1.445654	0.006227
"S-tag001373"	1	2354886	0.235059	0.154921	2.026269	0	-0.057107	0.526267
"S-tag001374"	13	90045486	0.157905	0.096125	2.254772	0	-0.955537	1
"S-tag001375"	4	113487993	0.101486	0.171484	1.918437	0	1.112561	0
"S-tag001376"	13	82181945	0.00668	0.188085	2.331255	0	0.29566	0.370122
"S-tag001377"	2	45365696	-0.446539	-0.135722	2.074781	1	0.068377	NA
"S-tag001378"	6	47684591	1.458512	0.107949	2.779553	0	1.332445	NA
"S-tag001379"	4	179222898	0.123618	0.190414	1.993808	0	-1.069163	1
"S-tag001380"	1	8663821	0.03064	-0.064955	2.066436	0	1.280861	0.001393
"S-tag001384"	14	58506375	0.736396	0.542573	3.11311	0	-1.590114	1
"S-tag001388"	4	39234408	-0.042634	-0.054458	2.216679	0	0.134711	0.434837
"S-tag001389"	12	30615738	0.548509	0.531566	2.969561	0	1.322735	0.002815
"S-tag001394"	7	81176714	0.095296	0.117591	2.196032	0	-0.989107	0.997428
"S-tag001396"	2	123846339	-0.315384	-0.143161	1.934561	1	0.88983	0
"S-tag001399"	3	31435901	0.080998	-0.128225	1.830556	0	-0.926381	0.989601
"S-tag001400"	11	69443491	0.145926	0.252704	2.225401	0	1.016539	0.009075
"S-tag001401"	10	79341734	0.176953	0.045918	2.00918	0	1.09396	0.004845
"S-tag001402"	12	60516761	-0.022443	-0.027043	2.30492	0	-0.028333	0.515253
"S-tag001403"	14	95187870	0.200483	0.281487	2.580266	0	1.221984	0.009429
"S-tag001404"	16	58154290	0.864714	0.370374	2.024183	1	-0.877024	0.602942
"S-tag001407"	12	73660240	0.19714	0.127385	2.177601	0	1.050641	0
"S-tag001408"	1	196098319	1.342513	0.880421	3.260161	0	-1.484754	0.993301
"S-tag001409"	5	139207893	0.32208	0.308029	2.148588	0	1.106989	0.002566
"S-tag001410"	12	55000289	-0.310576	-0.009474	2.108804	0	-0.031512	0.498943
"S-tag001413"	16	73235680	0.874002	0.578498	2.010714	0	0.183342	NA
"S-tag001419"	19	29873748	0.1884	0.461744	3.543136	0	-1.341699	0.995977
"S-tag001420"	24	91477626	0.335163	0.25381	2.382927	0	-1.245692	1
"S-tag001421"	24	68537769	-0.093446	0.006133	2.389253	0	0.95954	0.002906
"S-tag001422"	4	67119615	0.15544	0.033984	1.909283	0	-0.946755	0.998251
"S-tag001427"	8	67041385	0.051724	-0.004847	2.346382	0	NA	0.005787
"S-tag001429"	3	155984606	1.021951	0.925339	3.601875	0	-0.464691	0.644172
"S-tag001432"	10	74626663	-0.016637	0.062563	1.934214	1	1.095099	0.015865
"S-tag001433"	18	46419946	0.575748	0.021768	1.862926	0	0.351966	0.322752
"S-tag001435"	18	67114879	-0.058112	-0.042482	1.906205	0	0.980173	0.003865
"S-tag001437"	24	46330338	0.116641	0.155793	2.342817	0	0.985025	0
"S-tag001438"	2	36136638	-0.336669	-0.245157	2.075064	1	-0.020147	0.540932
"S-tag001439"	2	29812429	-0.133982	-0.122681	2.071144	1	-0.994084	0.995485
"S-tag001440"	14	67319265	0.279169	0.570589	2.422765	0	-1.137279	0.991599
"S-tag001442"	5	43244846	0.421565	0.226424	2.455757	0	-1.221815	0.99727
"S-tag001446"	1	77879827	0.223245	0.173487	2.157617	0	-1.102124	1
"S-tag001447"	2	225244888	-0.332927	-0.337233	1.864511	1	0.775636	0
"S-tag001449"	16	23652269	-0.217525	-0.095831	2.19408	0	-0.922928	1
"S-tag001450"	11	132020453	0.106602	0.154357	2.097752	0	-0.057814	0.530126
"S-tag001451"	12	43366580	0.231435	0.22617	2.231656	0	0.065338	0.468704
"S-tag001453"	10	91908610	0.588481	0.39667	2.084804	0	0.103124	0.447535
"S-tag001455"	2	141651395	0.039673	0.019887	1.851897	1	0.034174	0.487074
"S-tag001457"	4	31414779	-0.206182	-0.176154	1.873744	0	-0.996999	0.992546
"S-tag001464"	10	107209616	0.119606	0.048406	2.206098	1	-1.04548	1
"S-tag001465"	15	24606732	-0.66831	-0.472892	1.40811	0	NA	NA
"S-tag001467"	11	100890819	-0.155537	0.130243	2.112251	0	0.929876	0.000563
"S-tag001468"	5	28682246	0.290868	0.33718	2.818242	0	0.496924	0.353863
"S-tag001469"	15	51072315	-0.019719	-0.058821	1.966815	0	-1.021543	1
"S-tag001470"	17	7572977	0.486549	0.353867	2.276995	0	1.289599	0.003426
"S-tag001471"	5	7348680	0.263234	0.053586	2.774084	0	1.198415	0.001323
"S-tag001474"	20	23607874	-0.876371	-0.41634	1.875447	1	NA	1
"S-tag001475"	10	85959253	-0.28979	-0.057041	2.125378	0	0.117045	0.057539
"S-tag001477"	10	83616171	0.266194	0.222894	2.160522	1	-1.146556	0.99531
"S-tag001479"	18	43973918	0.141263	0.061462	1.950331	0	-0.416521	0.678099
"S-tag001480"	1	45214004	-0.173325	-0.041899	2.163467	0	0.869817	0.006441
"S-tag001481"	7	101591561	0.605517	0.648225	2.896587	0	-0.168298	0.519264
"S-tag001482"	9	86247287	-0.224455	-0.178236	1.932883	0	0.008422	0.462931
"S-tag001485"	4	7778524	-0.115906	0.103435	2.097922	0	-0.839718	0.982367
"S-tag001486"	7	96665619	0.295758	0.167338	2.313591	0	-0.268803	0.557924
"S-tag001487"	16	7752727	-0.439823	-0.114871	2.170348	0	0.828376	0.015029
"S-tag001488"	15	63618110	-0.147476	-0.139119	1.941966	1	0.00454	0.474708
"S-tag001489"	12	73315586	0.395141	-0.014538	2.159274	0	0.029743	0.481657
"S-tag001490"	3	14623302	-0.175432	-0.186806	1.900225	1	-0.891902	1
"S-tag001492"	5	76832956	0.069923	0.138467	2.200098	0	-1.110522	0.998208
"S-tag001493"	10	50667105	0.02579	0.14084	2.081995	1	1.029192	0.007801
"S-tag001494"	12	54175873	0.33394	0.117083	2.093993	0	0.053855	0.481065
"S-tag001495"	10	64785756	0.295753	0.086061	2.03805	0	0.865475	0.087808
"S-tag001496"	3	192919373	0.679177	0.727513	3.361081	0	0.494001	0.333708
"S-tag001497"	1	218518515	0.518958	0.397137	2.543998	0	1.26245	0.006749
"S-tag001498"	16	79354047	-0.460859	-0.294674	1.595909	0	0.733774	0.003283
"S-tag001501"	13	75766477	-0.031759	-0.083712	2.308783	0	-1.324134	0.999313
"S-tag001502"	2	147616349	0.194425	0.279242	1.940203	1	-0.072821	0.524459
"S-tag001503"	5	67206742	-0.240765	0.031106	2.052723	1	-0.957962	0.992028
"S-tag001506"	1	77593086	0.134314	0.045034	2.170679	0	-1.080131	1
"S-tag001509"	6	37229285	-0.19858	0.212716	2.683309	0	1.604152	0.003089
"S-tag001510"	6	42264028	0.311659	0.477874	2.807662	0	1.222105	0
"S-tag001511"	16	2645589	0.516479	0.459422	2.049598	0	-1.244682	0.993914
"S-tag001513"	12	8090839	-0.28181	-0.251097	1.678392	0	-0.797537	0.995038
"S-tag001515"	9	103371976	-0.179115	-0.143138	1.924804	1	0.909272	0
"S-tag001516"	1	40543425	-0.1282	-0.083475	2.196219	0	1.011385	0.005849
"S-tag001519"	9	38466715	-0.310322	-0.104543	2.142987	1	0.007236	0.494974
"S-tag001520"	4	57165323	0.035757	-0.002603	2.207745	0	0.241871	0.399361
"S-tag001521"	2	203469588	-0.013044	0.088136	1.933593	1	1.002357	0.018804
"S-tag001522"	4	75044689	-0.025793	-0.028658	1.912093	0	-0.146414	0.525475
"S-tag001523"	3	115856130	-0.397111	-0.190888	1.844184	1	-0.859006	1
"S-tag001526"	13	80767270	-0.070974	0.070123	2.310768	0	0.277435	0.372947
"S-tag001529"	7	43235102	1.50029	0.894851	3.066473	0	-0.136745	0.504634
"S-tag001530"	17	38325394	0.078756	0.128282	2.166638	0	1.073349	0.012228
"S-tag001531"	15	101915778	0.254447	0.309347	1.961783	0	-0.087077	0.521714
"S-tag001532"	13	107171985	0.083087	0.048362	2.318794	0	0.203449	0.387641
"S-tag001534"	19	46546250	0.53433	0.144807	2.01737	0	0.149252	0.468
"S-tag001535"	24	9054029	0.428905	0.361683	2.396358	0	1.134386	0.003717
"S-tag001536"	1	183751640	0.663371	0.536681	2.635883	0	-0.638038	0.744639
"S-tag001537"	3	176954641	0.474885	0.484411	3.283923	0	1.586347	0.001521
"S-tag001539"	15	90903311	-0.005514	0.18253	1.854183	0	-0.030706	0.509903
"S-tag001542"	19	18533642	-0.500263	-0.522094	2.052343	0	0.751579	0.014751
"S-tag001543"	2	178433579	0.020319	0.057604	1.896479	1	-0.981909	1
"S-tag001544"	9	129873581	-0.292292	-0.214368	1.998238	0	0.071979	0.492591
"S-tag001545"	10	110730540	0.173558	0.243149	2.154855	1	0.141804	0.424005
"S-tag001548"	12	133813738	0.154687	0.111739	2.273776	0	1.199842	0
"S-tag001549"	1	17357615	-0.08811	-0.103713	2.186395	0	-0.901557	0.990939
"S-tag001551"	14	20480547	1.068565	0.78748	3.385795	0	1.530569	0.00352
"S-tag001553"	13	32880046	0.142176	0.100159	2.0302	0	1.028015	0.002011
"S-tag001554"	16	87756858	-0.064207	-0.05689	1.771711	0	-0.256299	0.644883
"S-tag001556"	8	15885126	0.052679	-0.122369	1.408197	0	0.202356	0.385432
"S-tag001557"	8	62673021	0.38356	0.314338	2.541348	0	-1.321935	1
"S-tag001558"	2	232275879	-0.191767	-0.366963	1.95659	0	-0.059661	0.5248
"S-tag001560"	2	86484192	-0.062189	-0.138555	2.000051	1	-0.833054	0.99151
"S-tag001561"	11	100657354	0.591605	0.001147	2.110119	0	1.173051	0.003501
"S-tag001562"	1	65325515	-0.095524	-0.186208	2.063902	1	-0.898469	1
"S-tag001564"	1	58414715	0.089925	-0.125634	2.010011	0	1.130084	0
"S-tag001566"	4	33105845	-0.372115	-0.222585	1.860702	0	0.771341	0
"S-tag001569"	24	18818814	-0.03986	0.177496	2.495542	0	1.155493	0.002698
"S-tag001570"	17	63532914	0.119842	0.045683	2.430395	0	-1.179438	1
"S-tag001572"	4	93633683	0.074212	0.068499	2.002207	0	1.006304	0
"S-tag001573"	11	36187878	-0.250615	-0.168974	2.068244	0	0.887352	0.010056
"S-tag001576"	5	149356486	0.444504	0.226969	2.169226	0	-1.058166	0.98192
"S-tag001579"	14	50455087	0.829963	0.605922	3.113025	0	0.416039	0.381508
"S-tag001581"	17	5223338	0.167505	0.319749	2.617737	0	-1.362021	0.996036
"S-tag001584"	19	29443685	1.254395	0.911196	3.482936	0	1.559978	0.003883
"S-tag001587"	4	96025094	0.160999	0.190115	2.016852	0	0.952772	0.008995
"S-tag001588"	17	30481964	0.406482	0.333725	2.455112	0	-1.48103	1
"S-tag001589"	7	128438284	0.845805	0.638407	2.300587	0	-1.072699	0.600214
"S-tag001590"	6	62959091	0.578406	0.551334	2.726756	0	1.326228	0
"S-tag001591"	1	80196238	-0.354115	-0.105949	2.237543	0	-0.006809	0.525929
"S-tag001592"	11	81643956	0.303357	0.146279	2.241896	0	-0.011825	0.504257
"S-tag001595"	6	85758800	0.601889	0.497193	2.851729	0	-1.298261	0.999602
"S-tag001596"	13	95476781	0.503675	0.299481	2.364433	0	-1.36883	1
"S-tag001597"	8	99925628	-0.156264	0.039313	2.420247	0	0.253927	0.393261
"S-tag001598"	1	237051058	0.698633	0.55415	2.736563	0	0.794102	0.223717
"S-tag001599"	3	119469439	-0.947703	-0.549069	2.008096	0	-0.801069	1
"S-tag001602"	11	796540	-0.169109	0.019284	2.071463	0	-0.034698	0.492837
"S-tag001603"	13	21840941	-0.206897	0.066904	2.042727	0	NA	0.000686
"S-tag001605"	3	65638248	-0.021383	-0.042657	1.852341	1	-0.077189	0.53604
"S-tag001606"	1	35617719	-0.052143	0.146375	2.207072	0	-1.023796	0.999733
"S-tag001608"	1	236719193	-0.104216	0.195483	2.744552	0	NA	0.999545
"S-tag001609"	22	36500899	0.632863	0.486501	2.038717	0	0.07719	0.478992
"S-tag001611"	24	4060047	0.371706	0.33505	2.433419	0	NA	NA
"S-tag001613"	18	26847118	0.758165	0.587968	1.953684	0	-1.066016	0.668293
"S-tag001614"	4	1558290	0.259261	0.226262	2.101888	0	0.073659	NA
"S-tag001615"	20	2281252	-0.09343	-0.135	1.786501	1	-0.002397	0.50075
"S-tag001617"	13	112280630	0.550142	0.572743	2.443164	0	0.222415	0.4105
"S-tag001618"	4	190167833	0.359791	0.2923	2.168284	0	-0.255775	0.592116
"S-tag001619"	2	12980591	-0.1254	-0.158198	2.001095	0	0.099277	0.462264
"S-tag001620"	3	159813969	0.54291	0.707526	3.629088	0	0.482517	0.344424
"S-tag001621"	8	142909452	0.848102	0.620308	2.474986	0	0.281381	0.42061
"S-tag001622"	14	39599101	0.845407	0.692047	3.389351	0	-1.735153	0.999694
"S-tag001624"	24	72445842	0.749716	0.527213	2.490046	0	1.503347	0
"S-tag001625"	4	45381447	0.486066	0.470973	2.152119	0	-0.210685	0.588164
"S-tag001627"	7	6062981	0.62393	0.634319	2.969951	0	-1.444107	0.99736
"S-tag001631"	11	134112033	-0.459404	-0.191138	2.045563	0	-0.755735	1
"S-tag001632"	2	158182136	-0.162855	-0.147909	1.867337	1	0.920791	0
"S-tag001633"	12	16855241	0.01796	-0.050851	1.719031	0	0.808548	0.012192
"S-tag001635"	9	31439249	-0.088161	-0.108572	2.123786	0	-0.859741	1
"S-tag001636"	2	182730119	0.140327	0.004834	1.862474	1	0.947501	0.005041
"S-tag001637"	1	15988957	0.166099	0.012236	2.155138	0	NA	0.493576
"S-tag001638"	24	119887706	0.111744	0.227189	2.381053	0	-1.096482	1
"S-tag001640"	11	111275133	0.258924	0.200403	2.094309	1	0.039194	0.482888
"S-tag001641"	17	9376751	-0.344629	-0.094637	2.649222	0	0.76325	0.016159
"S-tag001642"	11	121224776	-0.140823	-0.001213	2.085939	1	1.01265	0.002236
"S-tag001643"	12	91811308	0.076101	0.083761	1.974765	1	-1.038283	1
"S-tag001644"	1	3336200	-0.083221	-0.18058	2.123387	0	NA	0.013725
"S-tag001646"	9	36215581	0.158659	0.188524	2.192891	0	0.23537	0.39588
"S-tag001650"	4	23031623	0.010151	0.036019	2.07125	0	0.973026	0
"S-tag001651"	3	171371680	0.703281	0.637123	3.360599	0	-1.741972	0.984398
"S-tag001653"	10	30658517	0.387283	0.10116	1.999796	1	1.006832	0
"S-tag001654"	20	46156851	0.305446	0.114048	2.267393	0	1.072398	0.010186
"S-tag001656"	17	42170289	0.519902	0.440572	2.566379	0	-0.610694	0.742059
"S-tag001657"	8	98107605	0.02831	0.088793	2.368985	0	-0.212784	0.608289
"S-tag001658"	12	62132215	0.251502	0.377786	2.205858	0	1.045376	0.026386
"S-tag001659"	10	26487498	0.218511	0.185339	2.049636	1	0.05989	0.487243
"S-tag001662"	2	168108012	-0.378122	-0.203283	1.954892	0	0.753725	0
"S-tag001663"	5	33563980	0.445157	0.600313	2.947522	0	0.576726	0.285325
"S-tag001664"	17	12449192	-0.218296	0.055526	2.576686	0	0.522669	0.236619
"S-tag001667"	6	161978399	-0.306274	-0.085413	2.768749	0	NA	1
"S-tag001668"	1	175054418	-0.230545	-0.048081	2.786034	0	0.707392	0.005592
"S-tag001669"	2	46712759	-0.081636	-0.150953	1.949927	1	-0.036538	0.516443
"S-tag001670"	8	3238262	-0.556208	-0.342154	1.592911	0	-0.863678	1
"S-tag001672"	4	48817703	-0.405429	-0.178029	2.12633	0	-0.971166	1
"S-tag001673"	15	84452957	0.137972	0.00679	2.081039	0	1.184314	0.008765
"S-tag001674"	24	135757194	0.45089	0.266661	2.351193	0	-1.15931	1
"S-tag001675"	15	51236304	0.388424	0.180076	1.954651	0	-0.092161	0.511414
"S-tag001678"	18	51601091	-0.148155	-0.030633	1.969381	0	NA	0.008831
"S-tag001680"	6	123206331	0.332558	0.192649	2.6241	0	-1.319952	1
"S-tag001682"	21	46931312	0.510319	0.193673	2.839983	0	-1.196688	0.984807
"S-tag001684"	12	105740223	0.378001	0.328333	2.152842	0	-0.051645	0.529142
"S-tag001685"	3	114310959	0.053582	-0.027138	1.813908	0	0.938449	0
"S-tag001688"	3	123032815	0.339685	0.07627	1.958453	0	1.000808	0.010161
"S-tag001689"	2	135603797	-0.174967	-0.165033	1.870942	1	0.93736	0.00162
"S-tag001692"	5	133486263	-0.051395	-0.044293	2.288231	0	NA	0.993392
"S-tag001693"	3	115598604	-0.210719	-0.16675	1.827562	1	0.138745	0.391648
"S-tag001695"	10	2576647	-0.433592	-0.14153	2.068949	1	-0.935494	1
"S-tag001697"	14	87152986	0.753195	0.566728	2.81281	0	-0.289545	0.582413
"S-tag001703"	13	73691236	0.256442	-0.018727	2.293194	0	1.204115	0
"S-tag001704"	16	81862574	-0.424377	-0.255639	1.678746	0	NA	0.359027
"S-tag001706"	24	38983177	-0.232343	-0.079963	2.359698	0	-0.127402	0.552142
"S-tag001707"	8	125498547	0.430358	0.434609	2.37788	0	-1.061554	0.998501
"S-tag001709"	11	64331462	0.425072	0.340935	2.146912	0	-0.080077	0.533412
"S-tag001710"	3	131986144	0.086781	0.043962	1.97354	1	0.01975	0.460624
"S-tag001713"	3	32358090	0.056895	-0.117072	1.91162	0	0.088011	0.485575
"S-tag001715"	17	17032561	0.05786	0.178761	2.615564	0	-0.749343	0.763745
"S-tag001717"	24	40135259	0.268898	0.190871	2.428235	0	-1.138103	0.976052
"S-tag001718"	13	56677986	-0.156713	-0.003871	1.877099	0	-0.936402	1
"S-tag001719"	7	92759462	0.507388	0.231247	2.667729	0	1.223654	0.001766
"S-tag001724"	24	12608853	0.455699	0.280475	2.227301	0	-0.242026	0.603546
"S-tag001725"	9	132389136	0.128717	0.059015	2.085453	0	1.028911	0.02859
"S-tag001727"	12	112285542	-0.009988	0.121177	2.189151	0	1.135709	0.004826
"S-tag001728"	3	16376279	0.090601	0.112082	1.883789	0	0.055096	0.487476
"S-tag001729"	24	45553455	0.022221	0.205754	2.305808	0	0.133452	0.440213
"S-tag001730"	12	58152762	-0.041317	-0.109711	1.896968	0	-0.881043	0.968729
"S-tag001731"	5	71167441	0.175876	0.018945	2.11255	0	1.07233	0.005856
"S-tag001732"	2	40763574	0.230564	-0.062232	2.019583	1	-0.141148	0.55109
"S-tag001734"	2	126736747	0.260225	0.097328	1.976934	1	0.0845	0.479151
"S-tag001736"	10	133238622	0.466267	0.173102	2.247329	0	0.160687	0.43122
"S-tag001737"	8	113522395	-0.131874	-0.082176	2.252106	0	0.970676	0
"S-tag001741"	16	72066072	-0.288509	-0.104693	2.116994	0	0.906845	0.040669
"S-tag001743"	24	141970401	0.082513	0.04472	2.366003	0	1.185384	0
"S-tag001744"	15	58408763	0.512592	0.219812	1.958231	1	1.065216	0
"S-tag001745"	20	14529657	0.100262	-0.052874	1.779537	0	0.796916	0.034637
"S-tag001747"	20	16120763	0.13228	0.127057	1.828792	0	1.028413	0
"S-tag001748"	13	106963471	-0.055727	-0.100745	2.331129	0	-0.971846	1
"S-tag001749"	10	75245252	0.571238	0.49017	1.954773	1	1.497792	0.009486
"S-tag001752"	7	102454303	-0.177145	0.000142	2.61681	0	-0.08411	0.516606
"S-tag001753"	24	11259391	0.222451	0.063555	2.318925	0	1.21188	0.004458
"S-tag001756"	14	73753519	-0.080751	0.115056	2.460981	0	-0.003397	0.49934
"S-tag001757"	4	24994457	0.25973	0.07732	1.95255	0	0.128447	0.455458
"S-tag001760"	5	92515880	0.150367	0.142402	2.192972	0	1.037501	0
"S-tag001761"	11	120233158	0.101755	0.17811	2.142032	1	0.053755	0.462492
"S-tag001762"	14	23814569	0.630907	0.532181	2.936377	0	-1.38757	1
"S-tag001763"	4	164529581	0.194648	0.056846	2.084519	0	0.169901	0.427762
"S-tag001766"	1	210293333	0.613978	0.526919	3.639982	0	0.252856	NA
"S-tag001767"	11	83175036	0.161117	0.178451	2.206339	0	1.103123	0
"S-tag001768"	15	66051299	-0.028707	-0.089496	1.957632	1	-0.820085	0.982776
"S-tag001770"	7	3876162	0.664771	0.523672	3.071656	0	1.365122	0.003496
"S-tag001772"	24	127028667	-0.026877	0.185861	2.239008	0	0.989288	0
"S-tag001773"	11	30986087	-0.076502	0.014904	2.170799	0	-0.974739	0.999328
"S-tag001775"	4	92983498	0.067054	0.181828	2.040637	0	NA	NA
"S-tag001779"	19	10520064	-0.271617	-0.308973	1.89898	1	-0.785913	0.987934
"S-tag001780"	8	40749332	-0.324209	-0.163127	1.569602	0	0.775186	0.008403
"S-tag001781"	4	68507475	0.039216	0.104131	1.90014	0	-0.908999	0.984784
"S-tag001783"	3	83178795	-0.061433	0.083513	1.894212	1	-1.06515	1
"S-tag001784"	7	40172927	0.311616	0.218507	2.927821	0	-1.23803	1
"S-tag001785"	3	164997440	1.038071	1.005915	3.370844	0	-0.440357	0.629533
"S-tag001786"	11	6129837	-0.63801	-0.333974	2.018412	1	-0.907239	1
"S-tag001787"	24	67358208	0.27843	0.329593	2.371479	0	-0.04845	0.505077
"S-tag001793"	11	65571606	-0.160018	0.079251	2.09384	0	-1.107132	0.992722
"S-tag001795"	4	104347491	-0.010181	-0.089971	1.96312	0	-0.964487	0.99977
"S-tag001796"	1	80511950	0.124485	0.183293	2.253827	0	0.000532	0.484888
"S-tag001799"	24	48773556	0.374421	0.229046	2.466818	0	-1.273265	0.987863
"S-tag001802"	2	106975146	0.238025	0.111552	1.979672	0	0.974426	0.016225
"S-tag001804"	2	31973127	-0.001559	0.047864	2.106639	0	0.048091	0.47571
"S-tag001806"	5	61563586	0.071997	0.117195	2.320691	0	NA	0.567079
"S-tag001807"	10	115980324	0.241541	0.161696	2.044385	0	1.067324	0.000161
"S-tag001808"	20	47224787	0.298953	0.336752	2.27634	0	0.06949	0.506299
"S-tag001810"	5	100635105	0.007438	0.054861	2.217691	0	0.221051	0.426909
"S-tag001812"	2	156690655	-0.070583	0.063056	1.915383	1	-0.000103	0.496259
"S-tag001813"	17	2155948	0.404253	0.36527	2.430651	0	-1.406919	0.998315
"S-tag001814"	1	82835418	-0.219974	0.048422	2.127253	0	0.847443	0
"S-tag001815"	5	156103226	0.174283	0.154547	2.33673	0	-0.164951	0.585239
"S-tag001816"	5	89476946	-0.006503	-0.038201	2.171163	0	-1.0801	1
"S-tag001817"	17	70884720	0.28415	0.391913	2.620039	0	-1.265344	0.997275
"S-tag001818"	8	4849005	-0.644066	-0.577249	1.42433	0	0.718588	0.001614
"S-tag001819"	24	145796549	0.135843	0.12909	2.382027	0	-1.459417	0.999025
"S-tag001824"	13	97664812	0.340758	0.152797	2.243947	0	0.212689	0.406092
